NAME,B07201_014E,B07201_013E,B07201_012E,B07201_011E,B07201_010E,B07201_009E,B07201_008E,B07201_007E,B07201_006E,B07201_005E,B07201_004E,B07201_003E,B07201_002E,B07201_001E
"Killeen-Temple, TX",3866.0,3125.0,1983.0,1524.0,3507.0,21230.0,18009.0,39239.0,23592.0,28373.0,51965.0,97836.0,378460.0,480162.0
"Kingsport-Bristol, TN-VA",363.0,1687.0,2190.0,489.0,2679.0,7889.0,4034.0,11923.0,11931.0,5346.0,17277.0,33566.0,270970.0,304899.0
"Kingston, NY",255.0,1974.0,1265.0,0.0,1265.0,2733.0,5798.0,8531.0,2220.0,2026.0,4246.0,16016.0,164233.0,180504.0
"Klamath Falls, OR Micro Area",,,,,,,,,,,,,,
"Knoxville, TN",1064.0,3216.0,3490.0,2849.0,6339.0,20335.0,13096.0,33431.0,45221.0,19608.0,64829.0,107815.0,775415.0,884294.0
"Kokomo, IN",0.0,609.0,366.0,121.0,487.0,1180.0,640.0,1820.0,994.0,5681.0,6675.0,9591.0,73418.0,83009.0
"La Crosse-Onalaska, WI-MN",374.0,3349.0,1028.0,110.0,1138.0,2338.0,2836.0,5174.0,4452.0,5054.0,9506.0,19167.0,118001.0,137542.0
"Lafayette, LA",1231.0,786.0,1029.0,3393.0,4422.0,7673.0,3940.0,11613.0,21197.0,18305.0,39502.0,56323.0,416255.0,473809.0
"Lafayette-West Lafayette, IN",2330.0,1313.0,1276.0,1088.0,2364.0,10699.0,5176.0,15875.0,7216.0,18161.0,25377.0,44929.0,174571.0,221830.0
"LaGrange, GA-AL Micro Area",,,,,,,,,,,,,,
"Lake Charles, LA",536.0,2027.0,1035.0,358.0,1393.0,3645.0,4104.0,7749.0,11692.0,8517.0,20209.0,31378.0,174303.0,206217.0
"Lake City, FL Micro Area",,,,,,,,,,,,,,
"Lake Havasu City-Kingman, AZ",760.0,904.0,605.0,0.0,605.0,6350.0,7198.0,13548.0,5487.0,5413.0,10900.0,25957.0,189036.0,215753.0
"Lakeland-Winter Haven, FL",1505.0,767.0,1383.0,830.0,2213.0,32637.0,12083.0,44720.0,26351.0,24068.0,50419.0,98119.0,647208.0,746832.0
"Lancaster, PA",1613.0,864.0,1079.0,765.0,1844.0,15107.0,6047.0,21154.0,27577.0,4344.0,31921.0,55783.0,489199.0,546595.0
"Lansing-East Lansing, MI",2978.0,1844.0,1836.0,685.0,2521.0,20330.0,10352.0,30682.0,27561.0,16912.0,44473.0,79520.0,454031.0,536529.0
"Laredo, TX",890.0,0.0,297.0,388.0,685.0,550.0,1766.0,2316.0,270.0,24227.0,24497.0,27498.0,235412.0,263800.0
"Las Cruces, NM",1174.0,353.0,697.0,657.0,1354.0,2898.0,5383.0,8281.0,3823.0,9852.0,13675.0,23663.0,193484.0,218321.0
"Las Vegas-Henderson-Paradise, NV",8663.0,2746.0,2476.0,1127.0,3603.0,50410.0,49741.0,100151.0,98331.0,120407.0,218738.0,325238.0,1932373.0,2266274.0
"Laurel, MS Micro Area",,,,,,,,,,,,,,
"Lawrence, KS",164.0,683.0,796.0,1284.0,2080.0,6506.0,5330.0,11836.0,1180.0,12275.0,13455.0,28054.0,90353.0,118571.0
"Lawton, OK",637.0,670.0,1091.0,33.0,1124.0,6119.0,3048.0,9167.0,1073.0,11757.0,12830.0,23791.0,101207.0,125635.0
"Lebanon, NH-VT Micro Area",,,,,,,,,,,,,,
"Lebanon, PA",2013.0,0.0,189.0,117.0,306.0,3427.0,2003.0,5430.0,3012.0,752.0,3764.0,9500.0,130136.0,141649.0
"Lewiston, ID-WA",97.0,1531.0,69.0,31.0,100.0,309.0,1975.0,2284.0,1428.0,3012.0,4440.0,8355.0,55753.0,64205.0
"Lewiston-Auburn, ME",239.0,1349.0,481.0,0.0,481.0,2540.0,1130.0,3670.0,1814.0,4415.0,6229.0,11729.0,98171.0,110139.0
"Lexington-Fayette, KY",1615.0,2992.0,3025.0,3712.0,6737.0,10887.0,12150.0,23037.0,13302.0,36774.0,50076.0,82842.0,427935.0,512392.0
"Lima, OH",20.0,696.0,1207.0,125.0,1332.0,2299.0,1360.0,3659.0,3401.0,3550.0,6951.0,12638.0,87801.0,100459.0
"Lincoln, NE",2261.0,3934.0,1756.0,1953.0,3709.0,4065.0,5747.0,9812.0,2128.0,34771.0,36899.0,54354.0,283561.0,340176.0
"Little Rock-North Little Rock-Conway, AR",2066.0,3754.0,2459.0,3060.0,5519.0,8130.0,12635.0,20765.0,34396.0,36421.0,70817.0,100855.0,638558.0,741479.0
"Logan, UT-ID",432.0,214.0,683.0,406.0,1089.0,7554.0,3679.0,11233.0,5931.0,5378.0,11309.0,23845.0,125731.0,150008.0
"London, KY Micro Area",,,,,,,,,,,,,,
"Longview, TX",680.0,2692.0,455.0,1321.0,1776.0,5377.0,4615.0,9992.0,12195.0,7648.0,19843.0,34303.0,250355.0,285338.0
"Longview, WA",123.0,360.0,357.0,276.0,633.0,2671.0,2261.0,4932.0,5505.0,1422.0,6927.0,12852.0,97609.0,110584.0
"Los Angeles-Long Beach-Anaheim, CA",62670.0,2941.0,4626.0,2035.0,6661.0,113983.0,142836.0,256819.0,385373.0,607618.0,992991.0,1259412.0,11549041.0,12871123.0
"Louisville/Jefferson County, KY-IN",4302.0,4006.0,2886.0,1486.0,4372.0,15259.0,14070.0,29329.0,47917.0,68326.0,116243.0,153950.0,1110519.0,1268771.0
"Lubbock, TX",3275.0,1308.0,2650.0,3245.0,5895.0,6305.0,11817.0,18122.0,3074.0,33434.0,36508.0,61833.0,258344.0,323452.0
"Lufkin, TX Micro Area",,,,,,,,,,,,,,
"Lumberton, NC Micro Area",,,,,,,,,,,,,,
"Lynchburg, VA",855.0,840.0,421.0,234.0,655.0,10728.0,5475.0,16203.0,9291.0,7603.0,16894.0,34592.0,225605.0,261052.0
"Macon-Bibb County, GA",612.0,1357.0,324.0,74.0,398.0,6940.0,3945.0,10885.0,1802.0,16066.0,17868.0,30508.0,198179.0,229299.0
"Madera, CA",101.0,98.0,0.0,34.0,34.0,3807.0,4242.0,8049.0,939.0,1959.0,2898.0,11079.0,146133.0,157313.0
"Madison, WI",5368.0,1997.0,3690.0,2232.0,5922.0,19154.0,15358.0,34512.0,27780.0,39478.0,67258.0,109689.0,561852.0,676909.0
"Manchester-Nashua, NH",407.0,4.0,1805.0,1359.0,3164.0,18557.0,2804.0,21361.0,8567.0,17652.0,26219.0,50748.0,369051.0,420206.0
"Manhattan, KS",2159.0,614.0,180.0,327.0,507.0,6246.0,6282.0,12528.0,8941.0,8030.0,16971.0,30620.0,99388.0,132167.0
"Manitowoc, WI Micro Area",,,,,,,,,,,,,,
"Mankato, MN",443.0,1592.0,712.0,1338.0,2050.0,4112.0,728.0,4840.0,3642.0,8318.0,11960.0,20442.0,81456.0,102341.0
"Mansfield, OH",104.0,196.0,4561.0,1567.0,6128.0,3184.0,1307.0,4491.0,2299.0,2751.0,5050.0,15865.0,108253.0,124222.0
"Marinette, WI-MI Micro Area",,,,,,,,,,,,,,
"Marion, IN Micro Area",,,,,,,,,,,,,,
"Marion, OH Micro Area",,,,,,,,,,,,,,
"Marquette, MI Micro Area",,,,,,,,,,,,,,
"Mayagüez, PR",,,,,,,,,,,,,,
"Zanesville, OH Micro Area",,,,,,,,,,,,,,
"McAllen-Edinburg-Mission, TX",7844.0,1113.0,953.0,355.0,1308.0,4432.0,12313.0,16745.0,35031.0,25771.0,60802.0,79968.0,777478.0,865290.0
"Meadville, PA Micro Area",,,,,,,,,,,,,,
"Medford, OR",941.0,72.0,1545.0,444.0,1989.0,4758.0,4581.0,9339.0,11735.0,6644.0,18379.0,29779.0,190487.0,221207.0
"Memphis, TN-MS-AR",3751.0,3549.0,4346.0,855.0,5201.0,10893.0,16581.0,27474.0,49642.0,60275.0,109917.0,146141.0,1172282.0,1322174.0
"Merced, CA",1384.0,172.0,314.0,0.0,314.0,7676.0,5034.0,12710.0,9312.0,3247.0,12559.0,25755.0,256054.0,283193.0
"Meridian, MS Micro Area",,,,,,,,,,,,,,
"Miami-Fort Lauderdale-Pompano Beach, FL",59638.0,3622.0,6602.0,3737.0,10339.0,74003.0,69094.0,143097.0,332778.0,205378.0,538156.0,695214.0,5281163.0,6036015.0
"Michigan City-La Porte, IN",451.0,81.0,1508.0,537.0,2045.0,6531.0,4067.0,10598.0,2144.0,3527.0,5671.0,18395.0,91693.0,110539.0
"Midland, MI",0.0,809.0,477.0,59.0,536.0,1532.0,1685.0,3217.0,2441.0,2002.0,4443.0,9005.0,73819.0,82824.0
"Midland, TX",0.0,165.0,46.0,2808.0,2854.0,2235.0,5009.0,7244.0,1747.0,11698.0,13445.0,23708.0,145275.0,168983.0
"Milwaukee-Waukesha, WI",3010.0,2505.0,2980.0,3076.0,6056.0,19911.0,17256.0,37167.0,55556.0,76555.0,132111.0,177839.0,1370569.0,1551418.0
"Minneapolis-St. Paul-Bloomington, MN-WI",10342.0,7479.0,4837.0,8382.0,13219.0,28613.0,38397.0,67010.0,211640.0,160993.0,372633.0,460341.0,3178518.0,3649201.0
"Minot, ND Micro Area",,,,,,,,,,,,,,
"Missoula, MT",256.0,3517.0,1022.0,1023.0,2045.0,1376.0,3872.0,5248.0,1813.0,7877.0,9690.0,20500.0,97571.0,118327.0
"Mobile, AL",429.0,419.0,435.0,406.0,841.0,5246.0,6133.0,11379.0,14423.0,22455.0,36878.0,49517.0,374733.0,424679.0
"Modesto, CA",1052.0,272.0,201.0,94.0,295.0,11505.0,6944.0,18449.0,13200.0,12034.0,25234.0,44250.0,501513.0,546815.0
"Monroe, LA",453.0,381.0,303.0,1237.0,1540.0,2566.0,950.0,3516.0,11289.0,5714.0,17003.0,22440.0,179551.0,202444.0
"Monroe, MI",79.0,31.0,0.0,5.0,5.0,4433.0,2563.0,6996.0,7044.0,1443.0,8487.0,15519.0,138415.0,154013.0
"Montgomery, AL",2083.0,960.0,1324.0,419.0,1743.0,6303.0,8840.0,15143.0,12195.0,17950.0,30145.0,47991.0,332623.0,382697.0
"Morehead City, NC Micro Area",,,,,,,,,,,,,,
"Morgantown, WV",88.0,1306.0,1330.0,248.0,1578.0,9242.0,4235.0,13477.0,6830.0,4563.0,11393.0,27754.0,111934.0,139776.0
"Morristown, TN",302.0,1790.0,208.0,1080.0,1288.0,2453.0,693.0,3146.0,2952.0,2444.0,5396.0,11620.0,130451.0,142373.0
"Moses Lake, WA Micro Area",,,,,,,,,,,,,,
"Mount Airy, NC Micro Area",,,,,,,,,,,,,,
"Mount Vernon-Anacortes, WA",90.0,439.0,293.0,432.0,725.0,3794.0,2441.0,6235.0,4518.0,3725.0,8243.0,15642.0,113006.0,128738.0
"Muncie, IN",79.0,639.0,656.0,1296.0,1952.0,5169.0,2280.0,7449.0,3878.0,11500.0,15378.0,25418.0,85638.0,111135.0
"Muskegon, MI",121.0,666.0,61.0,205.0,266.0,4280.0,1392.0,5672.0,5802.0,3885.0,9687.0,16291.0,158221.0,174633.0
"Muskogee, OK Micro Area",,,,,,,,,,,,,,
"Myrtle Beach-Conway-North Myrtle Beach, SC-NC",1941.0,1889.0,2840.0,4.0,2844.0,20385.0,8848.0,29233.0,23529.0,8386.0,31915.0,65881.0,438795.0,506617.0
"Napa, CA",463.0,90.0,103.0,0.0,103.0,3789.0,3156.0,6945.0,2961.0,3522.0,6483.0,13621.0,120949.0,135033.0
"Naples-Marco Island, FL",3395.0,791.0,293.0,0.0,293.0,27165.0,8185.0,35350.0,19314.0,6246.0,25560.0,61994.0,319006.0,384395.0
"Nashville-Davidson--Murfreesboro--Franklin, TN",8016.0,5881.0,4988.0,5699.0,10687.0,52198.0,38338.0,90536.0,80941.0,119957.0,200898.0,308002.0,1672424.0,1988442.0
"New Bern, NC",160.0,192.0,1380.0,55.0,1435.0,5826.0,2651.0,8477.0,4068.0,758.0,4826.0,14930.0,104258.0,119348.0
"New Castle, PA Micro Area",,,,,,,,,,,,,,
"New Haven-Milford, CT",6636.0,159.0,703.0,93.0,796.0,16936.0,22524.0,39460.0,33276.0,13762.0,47038.0,87453.0,761759.0,855848.0
"New Orleans-Metairie, LA",2573.0,274.0,1436.0,1316.0,2752.0,17083.0,15045.0,32128.0,59303.0,51532.0,110835.0,145989.0,1099062.0,1247624.0
"New Philadelphia-Dover, OH Micro Area",,,,,,,,,,,,,,
"New York-Newark-Jersey City, NY-NJ-PA",113620.0,5952.0,5962.0,3511.0,9473.0,132982.0,121476.0,254458.0,713964.0,864836.0,1578800.0,1848683.0,17594103.0,19556406.0
"Niles, MI",322.0,761.0,407.0,220.0,627.0,4023.0,3561.0,7584.0,8237.0,524.0,8761.0,17733.0,133865.0,151920.0
"North Port-Sarasota-Bradenton, FL",4908.0,947.0,995.0,2852.0,3847.0,38786.0,17460.0,56246.0,42005.0,22616.0,64621.0,125661.0,724212.0,854781.0
"North Wilkesboro, NC Micro Area",,,,,,,,,,,,,,
"Norwich-New London, CT",493.0,0.0,544.0,556.0,1100.0,12902.0,4542.0,17444.0,13792.0,5932.0,19724.0,38268.0,227584.0,266345.0
"Oak Harbor, WA Micro Area",,,,,,,,,,,,,,
"Ocala, FL",2806.0,1933.0,1925.0,235.0,2160.0,11994.0,6635.0,18629.0,16009.0,7591.0,23600.0,46322.0,334241.0,383369.0
"Ocean City, NJ",,,,,,,,,,,,,,
"Odessa, TX",167.0,237.0,102.0,139.0,241.0,5446.0,7254.0,12700.0,3881.0,13684.0,17565.0,30743.0,128108.0,159018.0
"Ogden-Clearfield, UT",4516.0,675.0,537.0,99.0,636.0,17372.0,8642.0,26014.0,37951.0,9474.0,47425.0,74750.0,620922.0,700188.0
"Ogdensburg-Massena, NY Micro Area",,,,,,,,,,,,,,
"Oklahoma City, OK",6366.0,5514.0,2588.0,6485.0,9073.0,22812.0,25615.0,48427.0,87257.0,85869.0,173126.0,236140.0,1184406.0,1426912.0
"Olean, NY Micro Area",,,,,,,,,,,,,,
"Olympia-Lacey-Tumwater, WA",1820.0,556.0,977.0,1252.0,2229.0,10003.0,10671.0,20674.0,9267.0,11715.0,20982.0,44441.0,249838.0,296099.0
"Omaha-Council Bluffs, NE-IA",5347.0,5446.0,1244.0,3413.0,4657.0,10044.0,12491.0,22535.0,31505.0,56808.0,88313.0,120951.0,834006.0,960304.0
"Opelousas, LA Micro Area",,,,,,,,,,,,,,
"Orangeburg, SC Micro Area",,,,,,,,,,,,,,
"Orlando-Kissimmee-Sanford, FL",17746.0,3064.0,2498.0,1397.0,3895.0,70671.0,42194.0,112865.0,169111.0,60502.0,229613.0,349437.0,2302951.0,2670134.0
"Oshkosh-Neenah, WI",200.0,2532.0,1077.0,604.0,1681.0,4738.0,4056.0,8794.0,4619.0,6777.0,11396.0,24403.0,144622.0,169225.0
"Ottawa, IL Micro Area",,,,,,,,,,,,,,
"Owensboro, KY",476.0,2332.0,434.0,556.0,990.0,1821.0,1418.0,3239.0,1606.0,7759.0,9365.0,15926.0,105300.0,121702.0
"Oxnard-Thousand Oaks-Ventura, CA",2144.0,172.0,41.0,126.0,167.0,9305.0,14609.0,23914.0,15644.0,27034.0,42678.0,66931.0,761254.0,830329.0
"Paducah, KY-IL Micro Area",,,,,,,,,,,,,,
"Palatka, FL Micro Area",,,,,,,,,,,,,,
"Palm Bay-Melbourne-Titusville, FL",4958.0,1039.0,981.0,950.0,1931.0,27554.0,13283.0,40837.0,23089.0,19866.0,42955.0,86762.0,520071.0,611791.0
"Panama City, FL",1488.0,3453.0,1972.0,148.0,2120.0,9082.0,5255.0,14337.0,11964.0,5546.0,17510.0,37420.0,137995.0,176903.0
"Parkersburg-Vienna, WV",,,,,,,,,,,,,,
"Pensacola-Ferry Pass-Brent, FL",1409.0,2326.0,2016.0,862.0,2878.0,23809.0,12821.0,36630.0,29837.0,11542.0,41379.0,83213.0,425248.0,509870.0
"Peoria, IL",709.0,538.0,562.0,505.0,1067.0,5007.0,5299.0,10306.0,23463.0,10470.0,33933.0,45844.0,348873.0,395426.0
"Philadelphia-Camden-Wilmington, PA-NJ-DE-MD",30276.0,1886.0,5235.0,2347.0,7582.0,93021.0,67268.0,160289.0,306882.0,178167.0,485049.0,654806.0,5485652.0,6170734.0
"Phoenix-Mesa-Chandler, AZ",19740.0,11617.0,9061.0,6254.0,15315.0,102898.0,78033.0,180931.0,153440.0,331445.0,484885.0,692748.0,4183266.0,4895754.0
"Pine Bluff, AR",0.0,1336.0,173.0,365.0,538.0,1298.0,851.0,2149.0,1160.0,4017.0,5177.0,9200.0,77034.0,86234.0
"Pinehurst-Southern Pines, NC Micro Area",,,,,,,,,,,,,,
"Pittsburgh, PA",6733.0,1727.0,5819.0,1766.0,7585.0,27703.0,24595.0,52298.0,147833.0,39623.0,187456.0,249066.0,2076660.0,2332459.0
"Pittsfield, MA",1248.0,597.0,139.0,0.0,139.0,4055.0,2110.0,6165.0,6105.0,1980.0,8085.0,14986.0,111550.0,127784.0
"Plattsburgh, NY Micro Area",,,,,,,,,,,,,,
"Pocatello, ID",418.0,449.0,409.0,1499.0,1908.0,2277.0,2063.0,4340.0,1434.0,6065.0,7499.0,14196.0,81804.0,96418.0
"Ponce, PR",,,,,,,,,,,,,,
"Port Angeles, WA Micro Area",,,,,,,,,,,,,,
"Portland-South Portland, ME",554.0,3444.0,608.0,551.0,1159.0,13626.0,8393.0,22019.0,24177.0,8188.0,32365.0,58987.0,492783.0,552324.0
"Portland-Vancouver-Hillsboro, OR-WA",9643.0,2593.0,5584.0,3240.0,8824.0,40584.0,50731.0,91315.0,107837.0,142045.0,249882.0,352614.0,2125508.0,2487765.0
"Port St. Lucie, FL",1670.0,835.0,145.0,69.0,214.0,19952.0,7078.0,27030.0,8973.0,6959.0,15932.0,44011.0,453030.0,498711.0
"Portsmouth, OH Micro Area",,,,,,,,,,,,,,
"Pottsville, PA Micro Area",,,,,,,,,,,,,,
"Poughkeepsie-Newburgh-Middletown, NY",1855.0,1447.0,1495.0,216.0,1711.0,18900.0,17321.0,36221.0,26791.0,6387.0,33178.0,72557.0,619776.0,694188.0
"Prescott Valley-Prescott, AZ",136.0,2439.0,797.0,94.0,891.0,8602.0,8474.0,17076.0,5932.0,7021.0,12953.0,33359.0,207959.0,241454.0
"Providence-Warwick, RI-MA",8058.0,1351.0,1294.0,506.0,1800.0,38280.0,18900.0,57180.0,93040.0,20731.0,113771.0,174102.0,1477283.0,1659443.0
"Provo-Orem, UT",4497.0,1444.0,2016.0,2453.0,4469.0,27829.0,12312.0,40141.0,37050.0,39206.0,76256.0,122310.0,559064.0,685871.0
"Pueblo, CO",347.0,818.0,172.0,336.0,508.0,4041.0,2384.0,6425.0,2339.0,8724.0,11063.0,18814.0,148913.0,168074.0
"Punta Gorda, FL",381.0,585.0,431.0,421.0,852.0,11686.0,4579.0,16265.0,6758.0,1089.0,7847.0,25549.0,168062.0,193992.0
"Quincy, IL-MO Micro Area",,,,,,,,,,,,,,
"Racine, WI",82.0,1051.0,221.0,49.0,270.0,4760.0,2983.0,7743.0,7392.0,8464.0,15856.0,24920.0,169509.0,194511.0
"Raleigh-Cary, NC",9128.0,1064.0,3208.0,3748.0,6956.0,43208.0,34437.0,77645.0,43716.0,73555.0,117271.0,202936.0,1222432.0,1434496.0
"Rapid City, SD",376.0,2118.0,1198.0,1959.0,3157.0,2684.0,2562.0,5246.0,4102.0,6128.0,10230.0,20751.0,118832.0,139959.0
"Reading, PA",3875.0,252.0,210.0,43.0,253.0,10714.0,6449.0,17163.0,17568.0,11213.0,28781.0,46449.0,373221.0,423545.0
"Red Bluff, CA Micro Area",,,,,,,,,,,,,,
"Redding, CA",807.0,21.0,661.0,902.0,1563.0,2695.0,3830.0,6525.0,4182.0,7000.0,11182.0,19291.0,160595.0,180693.0
"Reno, NV",1232.0,739.0,2261.0,1722.0,3983.0,10227.0,9129.0,19356.0,15311.0,32500.0,47811.0,71889.0,420315.0,493436.0
"Rexburg, ID Micro Area",,,,,,,,,,,,,,
"Richmond, IN Micro Area",,,,,,,,,,,,,,
"Richmond, VA",3008.0,7559.0,937.0,364.0,1301.0,30295.0,20737.0,51032.0,74323.0,28611.0,102934.0,162826.0,1140333.0,1306167.0
"Richmond-Berea, KY Micro Area",,,,,,,,,,,,,,
"Rio Grande City-Roma, TX Micro Area",,,,,,,,,,,,,,
"Riverside-San Bernardino-Ontario, CA",9427.0,329.0,2357.0,1096.0,3453.0,98250.0,83340.0,181590.0,188534.0,73161.0,261695.0,447067.0,4146920.0,4603414.0
"Roanoke, VA",748.0,976.0,299.0,135.0,434.0,9185.0,3228.0,12413.0,9113.0,12972.0,22085.0,35908.0,276138.0,312794.0
"Roanoke Rapids, NC Micro Area",,,,,,,,,,,,,,
"Rochester, MN",1117.0,576.0,316.0,2752.0,3068.0,2739.0,3819.0,6558.0,4681.0,12441.0,17122.0,27324.0,196615.0,225056.0
"Rochester, NY",3198.0,2000.0,5033.0,1350.0,6383.0,19954.0,13106.0,33060.0,60422.0,24337.0,84759.0,126202.0,945251.0,1074651.0
"Rockford, IL",793.0,126.0,1613.0,423.0,2036.0,8272.0,3869.0,12141.0,13393.0,15481.0,28874.0,43177.0,288626.0,332596.0
"Rocky Mount, NC",711.0,111.0,479.0,199.0,678.0,2769.0,2141.0,4910.0,2034.0,3742.0,5776.0,11475.0,130030.0,142216.0
"Rome, GA",159.0,340.0,1072.0,681.0,1753.0,3568.0,492.0,4060.0,1552.0,3728.0,5280.0,11433.0,86553.0,98145.0
"Roseburg, OR Micro Area",,,,,,,,,,,,,,
"Russellville, AR Micro Area",,,,,,,,,,,,,,
"Sacramento-Roseville-Folsom, CA",9413.0,1789.0,2795.0,1739.0,4534.0,49077.0,44487.0,93564.0,99228.0,78963.0,178191.0,278078.0,2101159.0,2388650.0
"Saginaw, MI",410.0,1369.0,442.0,50.0,492.0,5217.0,3124.0,8341.0,7639.0,3291.0,10930.0,21132.0,166014.0,187556.0
"St. Cloud, MN",389.0,1660.0,637.0,695.0,1332.0,7560.0,2332.0,9892.0,6992.0,7656.0,14648.0,27532.0,170532.0,198453.0
"St. George, UT",189.0,710.0,203.0,399.0,602.0,7933.0,2961.0,10894.0,4594.0,6426.0,11020.0,23226.0,166238.0,189653.0
"St. Joseph, MO-KS",119.0,976.0,394.0,633.0,1027.0,2788.0,2860.0,5648.0,1597.0,7264.0,8861.0,16512.0,101594.0,118225.0
"St. Louis, MO-IL",9047.0,5273.0,4817.0,4917.0,9734.0,32713.0,25009.0,57722.0,200662.0,50212.0,250874.0,323603.0,2446259.0,2778909.0
"Salem, OH Micro Area",,,,,,,,,,,,,,
"Salem, OR",1029.0,517.0,531.0,1376.0,1907.0,11786.0,10448.0,22234.0,18335.0,19259.0,37594.0,62252.0,368862.0,432143.0
"Salinas, CA",2134.0,263.0,552.0,115.0,667.0,12067.0,9151.0,21218.0,11116.0,9351.0,20467.0,42615.0,387593.0,432342.0
"Salisbury, MD-DE",1783.0,708.0,382.0,86.0,468.0,17956.0,7495.0,25451.0,18230.0,5204.0,23434.0,50061.0,374499.0,426343.0
"Salt Lake City, UT",7813.0,2078.0,1661.0,1835.0,3496.0,21139.0,25272.0,46411.0,95239.0,27181.0,122420.0,174405.0,1064952.0,1247170.0
"San Angelo, TX",382.0,554.0,259.0,434.0,693.0,3277.0,4319.0,7596.0,783.0,6903.0,7686.0,16529.0,103478.0,120389.0
"San Antonio-New Braunfels, TX",11749.0,4642.0,3797.0,4543.0,8340.0,50848.0,52703.0,103551.0,63920.0,178345.0,242265.0,358798.0,2200881.0,2571428.0
"San Diego-Chula Vista-Carlsbad, CA",26640.0,2138.0,2642.0,631.0,3273.0,72899.0,70058.0,142957.0,108336.0,170699.0,279035.0,427403.0,2796602.0,3250645.0
"Sandusky, OH Micro Area",,,,,,,,,,,,,,
"San Francisco-Oakland-Berkeley, CA",34920.0,3119.0,2766.0,1574.0,4340.0,50205.0,107730.0,157935.0,172125.0,224015.0,396140.0,561534.0,3977958.0,4574412.0
"San Germán, PR",,,,,,,,,,,,,,
"San Jose-Sunnyvale-Santa Clara, CA",16775.0,321.0,1061.0,468.0,1529.0,34454.0,33879.0,68333.0,24427.0,171669.0,196096.0,266279.0,1650494.0,1933548.0
"San Juan-Bayamón-Caguas, PR",,,,,,,,,,,,,,
"San Luis Obispo-Paso Robles, CA",1021.0,510.0,129.0,301.0,430.0,12845.0,12117.0,24962.0,12106.0,7096.0,19202.0,45104.0,234329.0,280454.0
"Santa Cruz-Watsonville, CA",1332.0,66.0,375.0,193.0,568.0,10141.0,13219.0,23360.0,9598.0,8365.0,17963.0,41957.0,222262.0,265551.0
"Santa Fe, NM",776.0,49.0,850.0,1487.0,2337.0,3493.0,5846.0,9339.0,1082.0,4730.0,5812.0,17537.0,136158.0,154471.0
"Santa Maria-Santa Barbara, CA",3853.0,211.0,797.0,237.0,1034.0,12964.0,18811.0,31775.0,21716.0,17424.0,39140.0,72160.0,365337.0,441350.0
"Santa Rosa-Petaluma, CA",1241.0,70.0,873.0,352.0,1225.0,7629.0,9894.0,17523.0,14308.0,21670.0,35978.0,54796.0,425369.0,481406.0
"Savannah, GA",2825.0,860.0,311.0,1134.0,1445.0,23298.0,7934.0,31232.0,23561.0,14204.0,37765.0,71302.0,331312.0,405439.0
"Scranton--Wilkes-Barre, PA",2005.0,1563.0,1139.0,616.0,1755.0,14868.0,7960.0,22828.0,27831.0,6833.0,34664.0,60810.0,501211.0,564026.0
"Searcy, AR Micro Area",,,,,,,,,,,,,,
"Seattle-Tacoma-Bellevue, WA",35081.0,3253.0,8552.0,6078.0,14630.0,63332.0,75004.0,138336.0,206949.0,267352.0,474301.0,630520.0,3304153.0,3969754.0
"Sebastian-Vero Beach, FL",307.0,13.0,1164.0,144.0,1308.0,6638.0,2742.0,9380.0,4785.0,4787.0,9572.0,20273.0,141701.0,162281.0
"Sebring-Avon Park, FL",529.0,176.0,557.0,0.0,557.0,3531.0,1353.0,4884.0,2078.0,2696.0,4774.0,10391.0,91665.0,102585.0
"Seneca, SC Micro Area",,,,,,,,,,,,,,
"Sevierville, TN Micro Area",,,,,,,,,,,,,,
"Shawnee, OK Micro Area",,,,,,,,,,,,,,
"Sheboygan, WI",157.0,0.0,305.0,142.0,447.0,2260.0,1002.0,3262.0,4599.0,4238.0,8837.0,12546.0,104089.0,116792.0
"Shelby, NC Micro Area",,,,,,,,,,,,,,
"Shelton, WA Micro Area",,,,,,,,,,,,,,
"Sherman-Denison, TX",239.0,131.0,558.0,446.0,1004.0,6352.0,4502.0,10854.0,4874.0,4302.0,9176.0,21165.0,116351.0,137755.0
"Show Low, AZ Micro Area",,,,,,,,,,,,,,
"Shreveport-Bossier City, LA",1735.0,1525.0,1967.0,651.0,2618.0,6454.0,5707.0,12161.0,8927.0,28050.0,36977.0,53281.0,329534.0,384550.0
"Sierra Vista-Douglas, AZ",2015.0,441.0,335.0,125.0,460.0,6835.0,2446.0,9281.0,2738.0,2914.0,5652.0,15834.0,107160.0,125009.0
"Sioux City, IA-NE-SD",293.0,1980.0,55.0,267.0,322.0,874.0,2085.0,2959.0,4343.0,4714.0,9057.0,14318.0,133064.0,147675.0
"Sioux Falls, SD",422.0,4797.0,1088.0,2243.0,3331.0,2226.0,3961.0,6187.0,6315.0,24351.0,30666.0,44981.0,233710.0,279113.0
"Somerset, KY Micro Area",,,,,,,,,,,,,,
"Somerset, PA Micro Area",,,,,,,,,,,,,,
"South Bend-Mishawaka, IN-MI",901.0,167.0,1234.0,500.0,1734.0,10691.0,5779.0,16470.0,6072.0,16409.0,22481.0,40852.0,277544.0,319297.0
"Spartanburg, SC",590.0,1121.0,482.0,730.0,1212.0,9883.0,3689.0,13572.0,22001.0,3678.0,25679.0,41584.0,290137.0,332311.0
"Spokane-Spokane Valley, WA",1641.0,1933.0,2003.0,3574.0,5577.0,11195.0,11747.0,22942.0,16548.0,43426.0,59974.0,90426.0,495770.0,587837.0
"Springfield, IL",214.0,209.0,355.0,571.0,926.0,1242.0,1656.0,2898.0,5278.0,12717.0,17995.0,22028.0,182998.0,205240.0
"Springfield, MA",3342.0,765.0,318.0,328.0,646.0,27790.0,6350.0,34140.0,33703.0,10366.0,44069.0,79620.0,605952.0,688914.0
"Springfield, MO",1781.0,3940.0,1101.0,1804.0,2905.0,10762.0,7003.0,17765.0,17979.0,22603.0,40582.0,65192.0,409140.0,476113.0
"Springfield, OH",134.0,95.0,215.0,259.0,474.0,3239.0,900.0,4139.0,4931.0,6897.0,11828.0,16536.0,117647.0,134317.0
"State College, PA",1352.0,82.0,2199.0,135.0,2334.0,11589.0,4876.0,16465.0,3353.0,5732.0,9085.0,27966.0,127433.0,156751.0
"Statesboro, GA Micro Area",,,,,,,,,,,,,,
"Staunton, VA",65.0,982.0,34.0,344.0,378.0,3175.0,1367.0,4542.0,5476.0,2802.0,8278.0,14180.0,110296.0,124541.0
"Stevens Point, WI Micro Area",,,,,,,,,,,,,,
"Stillwater, OK Micro Area",,,,,,,,,,,,,,
"Stockton, CA",1285.0,270.0,0.0,167.0,167.0,18837.0,15844.0,34681.0,26030.0,20997.0,47027.0,82145.0,696790.0,780220.0
"Sumter, SC",272.0,557.0,1066.0,714.0,1780.0,3550.0,4078.0,7628.0,4580.0,3302.0,7882.0,17847.0,116047.0,134166.0
"Sunbury, PA Micro Area",,,,,,,,,,,,,,
"Syracuse, NY",3024.0,480.0,2283.0,690.0,2973.0,17695.0,10004.0,27699.0,37344.0,18701.0,56045.0,87197.0,562024.0,652245.0
"Talladega-Sylacauga, AL Micro Area",,,,,,,,,,,,,,
"Tallahassee, FL",1199.0,3185.0,944.0,400.0,1344.0,16072.0,7889.0,23961.0,10400.0,25942.0,36342.0,64832.0,317985.0,384016.0
"Tampa-St. Petersburg-Clearwater, FL",17544.0,3617.0,3111.0,4441.0,7552.0,98997.0,50406.0,149403.0,196888.0,104540.0,301428.0,462000.0,2712231.0,3191775.0
"Terre Haute, IN",502.0,1184.0,537.0,554.0,1091.0,5454.0,4704.0,10158.0,8062.0,9204.0,17266.0,29699.0,153896.0,184097.0
"Texarkana, TX-AR",229.0,447.0,200.0,336.0,536.0,2933.0,802.0,3735.0,7953.0,4342.0,12295.0,17013.0,127479.0,144721.0
"The Villages, FL",60.0,1368.0,428.0,518.0,946.0,8106.0,2243.0,10349.0,2079.0,1803.0,3882.0,16545.0,118422.0,135027.0
"Toledo, OH",1442.0,535.0,2180.0,2965.0,5145.0,12179.0,8210.0,20389.0,28695.0,26753.0,55448.0,81517.0,553687.0,636646.0
"Topeka, KS",750.0,1457.0,150.0,287.0,437.0,1718.0,3235.0,4953.0,5858.0,12097.0,17955.0,24802.0,204911.0,230463.0
"Torrington, CT Micro Area",,,,,,,,,,,,,,
"Traverse City, MI Micro Area",,,,,,,,,,,,,,
"Trenton-Princeton, NJ",1716.0,87.0,0.0,143.0,143.0,16798.0,8893.0,25691.0,11633.0,9894.0,21527.0,47448.0,332614.0,381778.0
"Truckee-Grass Valley, CA Micro Area",,,,,,,,,,,,,,
"Tucson, AZ",5709.0,1834.0,2667.0,1690.0,4357.0,23596.0,24303.0,47899.0,40152.0,66269.0,106421.0,160511.0,874349.0,1040569.0
"Tullahoma-Manchester, TN Micro Area",,,,,,,,,,,,,,
"Tulsa, OK",2081.0,6170.0,2364.0,5173.0,7537.0,13410.0,13246.0,26656.0,53942.0,55698.0,109640.0,150003.0,859319.0,1011403.0
"Tupelo, MS Micro Area",,,,,,,,,,,,,,
"Tuscaloosa, AL",697.0,2006.0,521.0,301.0,822.0,7320.0,4129.0,11449.0,14146.0,7238.0,21384.0,35661.0,227885.0,264243.0
"Twin Falls, ID",231.0,467.0,141.0,580.0,721.0,3339.0,897.0,4236.0,5635.0,6908.0,12543.0,17967.0,98946.0,117144.0
"Tyler, TX",968.0,683.0,1256.0,428.0,1684.0,5534.0,2112.0,7646.0,7217.0,7153.0,14370.0,24383.0,208772.0,234123.0
"Ukiah, CA Micro Area",,,,,,,,,,,,,,
"Urban Honolulu, HI",11568.0,712.0,2279.0,659.0,2938.0,28587.0,21392.0,49979.0,47513.0,26110.0,73623.0,127252.0,850286.0,989106.0
"Utica-Rome, NY",614.0,435.0,283.0,165.0,448.0,4390.0,2674.0,7064.0,7045.0,7165.0,14210.0,22157.0,264187.0,286958.0
"Valdosta, GA",805.0,680.0,489.0,492.0,981.0,3401.0,2465.0,5866.0,5686.0,4592.0,10278.0,17805.0,127114.0,145724.0
"Vallejo, CA",2264.0,141.0,33.0,51.0,84.0,14162.0,7716.0,21878.0,20540.0,4543.0,25083.0,47186.0,397499.0,446949.0
"Victoria, TX",36.0,8.0,171.0,102.0,273.0,1016.0,663.0,1679.0,2266.0,8985.0,11251.0,13211.0,86135.0,99382.0
"Vineland-Bridgeton, NJ",260.0,62.0,191.0,0.0,191.0,4998.0,1724.0,6722.0,2091.0,4856.0,6947.0,13922.0,138488.0,152670.0
"Virginia Beach-Norfolk-Newport News, VA-NC",6735.0,3861.0,3333.0,3194.0,6527.0,61533.0,34184.0,95717.0,39414.0,117081.0,156495.0,262600.0,1518383.0,1787718.0
"Visalia, CA",1257.0,423.0,0.0,0.0,0.0,6282.0,3717.0,9999.0,16369.0,7815.0,24184.0,34606.0,434568.0,470431.0
"Waco, TX",1341.0,1497.0,661.0,777.0,1438.0,9399.0,6288.0,15687.0,9904.0,19034.0,28938.0,47560.0,228479.0,277380.0
"Walla Walla, WA",140.0,121.0,654.0,407.0,1061.0,1150.0,992.0,2142.0,1909.0,1724.0,3633.0,6957.0,55077.0,62174.0
"Warner Robins, GA",302.0,2171.0,438.0,0.0,438.0,7828.0,7594.0,15422.0,3723.0,6477.0,10200.0,28231.0,164558.0,193091.0
"Warsaw, IN Micro Area",,,,,,,,,,,,,,
"Washington-Arlington-Alexandria, DC-VA-MD-WV",57495.0,7047.0,3694.0,2742.0,6436.0,106136.0,101776.0,207912.0,406592.0,200163.0,606755.0,828150.0,5402350.0,6287995.0
"Waterloo-Cedar Falls, IA",45.0,1892.0,416.0,499.0,915.0,4596.0,3661.0,8257.0,3828.0,14921.0,18749.0,29813.0,135990.0,165848.0
"Watertown-Fort Atkinson, WI Micro Area",,,,,,,,,,,,,,
"Watertown-Fort Drum, NY",825.0,614.0,401.0,719.0,1120.0,3707.0,3890.0,7597.0,7638.0,3223.0,10861.0,20192.0,93404.0,114421.0
"Wausau-Weston, WI",146.0,2260.0,137.0,336.0,473.0,2278.0,2069.0,4347.0,7066.0,4350.0,11416.0,18496.0,146019.0,164661.0
"Yuma, AZ",4222.0,810.0,516.0,583.0,1099.0,7865.0,5527.0,13392.0,6997.0,8545.0,15542.0,30843.0,168911.0,203976.0
"Weirton-Steubenville, WV-OH",330.0,307.0,466.0,130.0,596.0,2934.0,908.0,3842.0,2114.0,2533.0,4647.0,9392.0,103341.0,113063.0
"Wenatchee, WA",191.0,600.0,189.0,423.0,612.0,1849.0,2913.0,4762.0,3762.0,3366.0,7128.0,13102.0,108814.0,122107.0
"Wheeling, WV-OH",209.0,504.0,56.0,79.0,135.0,2175.0,603.0,2778.0,6065.0,2247.0,8312.0,11729.0,124859.0,136797.0
"Whitewater, WI Micro Area",,,,,,,,,,,,,,
"Wichita, KS",1495.0,3343.0,1822.0,3375.0,5197.0,9386.0,9944.0,19330.0,23704.0,51807.0,75511.0,103381.0,535173.0,640049.0
"Wichita Falls, TX",864.0,2402.0,876.0,511.0,1387.0,5428.0,3475.0,8903.0,2464.0,12263.0,14727.0,27419.0,119445.0,147728.0
"Williamsport, PA",189.0,17.0,817.0,45.0,862.0,1984.0,962.0,2946.0,4972.0,3228.0,8200.0,12025.0,100599.0,112813.0
"Wilmington, NC",975.0,2283.0,436.0,487.0,923.0,16396.0,8492.0,24888.0,8615.0,15727.0,24342.0,52436.0,236302.0,289713.0
"Wilson, NC Micro Area",,,,,,,,,,,,,,
"Winchester, VA-WV",236.0,380.0,205.0,0.0,205.0,6035.0,901.0,6936.0,8707.0,1578.0,10285.0,17806.0,123485.0,141527.0
"Winston-Salem, NC",1097.0,876.0,2519.0,448.0,2967.0,16179.0,14517.0,30696.0,21641.0,18924.0,40565.0,75104.0,599654.0,675855.0
"Wisconsin Rapids-Marshfield, WI Micro Area",,,,,,,,,,,,,,
"Wooster, OH Micro Area",,,,,,,,,,,,,,
"Worcester, MA-CT",6443.0,200.0,731.0,51.0,782.0,29391.0,13030.0,42421.0,47375.0,17321.0,64696.0,108099.0,855552.0,970094.0
"Yakima, WA",212.0,147.0,853.0,310.0,1163.0,2600.0,2642.0,5242.0,12153.0,7446.0,19599.0,26151.0,225608.0,251971.0
"Yauco, PR",,,,,,,,,,,,,,
"York-Hanover, PA",719.0,517.0,581.0,61.0,642.0,13321.0,3732.0,17053.0,22236.0,4409.0,26645.0,44857.0,409441.0,455017.0
"Youngstown-Warren-Boardman, OH-PA",1774.0,321.0,1643.0,1371.0,3014.0,9218.0,4247.0,13465.0,24931.0,7432.0,32363.0,49163.0,482255.0,533192.0
"Yuba City, CA",570.0,26.0,116.0,282.0,398.0,5278.0,2703.0,7981.0,6804.0,2944.0,9748.0,18153.0,161056.0,179779.0
"Aberdeen, WA Micro Area",,,,,,,,,,,,,,
"Abilene, TX",839.0,1163.0,1446.0,504.0,1950.0,5303.0,5809.0,11112.0,2042.0,10550.0,12592.0,26817.0,149292.0,176948.0
"Adrian, MI Micro Area",,,,,,,,,,,,,,
"Aguadilla-Isabela, PR",,,,,,,,,,,,,,
"Beaumont-Port Arthur, TX",615.0,797.0,888.0,926.0,1814.0,6798.0,8648.0,15446.0,13481.0,9269.0,22750.0,40807.0,349977.0,391399.0
"Akron, OH",1441.0,1014.0,1771.0,1527.0,3298.0,19316.0,7023.0,26339.0,25625.0,18869.0,44494.0,75145.0,617585.0,694171.0
"Alamogordo, NM Micro Area",,,,,,,,,,,,,,
"Albany, GA",88.0,1386.0,82.0,328.0,410.0,3469.0,2851.0,6320.0,4653.0,7217.0,11870.0,19986.0,125062.0,145136.0
"Albany-Lebanon, OR",606.0,0.0,118.0,0.0,118.0,7502.0,2950.0,10452.0,2383.0,4869.0,7252.0,17822.0,110395.0,128823.0
"Albany-Schenectady-Troy, NY",3362.0,1839.0,1127.0,1576.0,2703.0,13972.0,15724.0,29696.0,46427.0,25930.0,72357.0,106595.0,779274.0,889231.0
"Albertville, AL Micro Area",,,,,,,,,,,,,,
"Albuquerque, NM",1679.0,682.0,3358.0,3482.0,6840.0,14925.0,14181.0,29106.0,22873.0,60885.0,83758.0,120386.0,791198.0,913263.0
"Alexandria, LA",3411.0,419.0,356.0,74.0,430.0,2753.0,1197.0,3950.0,7483.0,3227.0,10710.0,15509.0,129603.0,148523.0
"Allentown-Bethlehem-Easton, PA-NJ",2267.0,349.0,1098.0,916.0,2014.0,20846.0,12488.0,33334.0,31899.0,17675.0,49574.0,85271.0,769289.0,856827.0
"Altoona, PA",227.0,494.0,180.0,485.0,665.0,2176.0,383.0,2559.0,4571.0,2558.0,7129.0,10847.0,108861.0,119935.0
"Amarillo, TX",1217.0,1635.0,446.0,444.0,890.0,2859.0,5435.0,8294.0,2874.0,14731.0,17605.0,28424.0,237048.0,266689.0
"Ames, IA",821.0,2532.0,500.0,1135.0,1635.0,6147.0,5154.0,11301.0,4598.0,11946.0,16544.0,32012.0,91933.0,124766.0
"Anchorage, AK",1610.0,2860.0,863.0,1564.0,2427.0,7669.0,8358.0,16027.0,9098.0,26327.0,35425.0,56739.0,335900.0,394249.0
"Ann Arbor, MI",3061.0,1063.0,834.0,1303.0,2137.0,25240.0,12110.0,37350.0,15111.0,18288.0,33399.0,73949.0,288432.0,365442.0
"Anniston-Oxford, AL",524.0,691.0,651.0,613.0,1264.0,2231.0,463.0,2694.0,5476.0,3404.0,8880.0,13529.0,100961.0,115014.0
"Appleton, WI",597.0,1463.0,286.0,266.0,552.0,5540.0,4182.0,9722.0,9361.0,4043.0,13404.0,25141.0,215901.0,241639.0
"Arecibo, PR",,,,,,,,,,,,,,
"Asheville, NC",1297.0,1689.0,1726.0,981.0,2707.0,11156.0,7596.0,18752.0,19471.0,10741.0,30212.0,53360.0,414093.0,468750.0
"Ashtabula, OH Micro Area",,,,,,,,,,,,,,
"Athens, TX Micro Area",,,,,,,,,,,,,,
"Athens-Clarke County, GA",306.0,650.0,1493.0,1510.0,3003.0,14133.0,8956.0,23089.0,4035.0,12260.0,16295.0,43037.0,172220.0,215563.0
"Atlanta-Sandy Springs-Alpharetta, GA",22587.0,8945.0,12177.0,8715.0,20892.0,87433.0,95802.0,183235.0,470392.0,119766.0,590158.0,803230.0,5258488.0,6084305.0
"Atlantic City-Hammonton, NJ",1226.0,560.0,90.0,0.0,90.0,6007.0,3261.0,9268.0,7617.0,6269.0,13886.0,23804.0,247588.0,272618.0
"Auburn, NY Micro Area",,,,,,,,,,,,,,
"Auburn-Opelika, AL",232.0,398.0,459.0,555.0,1014.0,5779.0,5743.0,11522.0,2466.0,12914.0,15380.0,28314.0,147400.0,175946.0
"Augusta-Richmond County, GA-SC",1184.0,2717.0,1775.0,1579.0,3354.0,20883.0,10647.0,31530.0,20087.0,14261.0,34348.0,71949.0,537315.0,610448.0
"Augusta-Waterville, ME Micro Area",,,,,,,,,,,,,,
"Austin-Round Rock-Georgetown, TX",21978.0,5958.0,5431.0,5799.0,11230.0,57941.0,80394.0,138335.0,73962.0,170283.0,244245.0,399768.0,1903325.0,2325071.0
"Bakersfield, CA",1988.0,816.0,454.0,153.0,607.0,11998.0,9101.0,21099.0,23948.0,23664.0,47612.0,70134.0,834810.0,906932.0
"Baltimore-Columbia-Towson, MD",9685.0,1482.0,1601.0,1460.0,3061.0,63388.0,30957.0,94345.0,138806.0,66420.0,205226.0,304114.0,2492753.0,2806552.0
"Bangor, ME",220.0,1190.0,685.0,51.0,736.0,4571.0,2368.0,6939.0,7322.0,4576.0,11898.0,20763.0,130700.0,151683.0
"Baraboo, WI Micro Area",,,,,,,,,,,,,,
"Barnstable Town, MA",652.0,696.0,308.0,51.0,359.0,9208.0,3629.0,12837.0,6217.0,1546.0,7763.0,21655.0,208898.0,231205.0
"Baton Rouge, LA",5390.0,2607.0,1561.0,1909.0,3470.0,19565.0,12228.0,31793.0,50733.0,27215.0,77948.0,115818.0,742088.0,863296.0
"Battle Creek, MI",58.0,349.0,642.0,863.0,1505.0,2491.0,2291.0,4782.0,3037.0,3353.0,6390.0,13026.0,118640.0,131724.0
"Bay City, MI",107.0,896.0,333.0,126.0,459.0,1570.0,1275.0,2845.0,2945.0,2290.0,5235.0,9435.0,92565.0,102107.0
"Beaver Dam, WI Micro Area",,,,,,,,,,,,,,
"Beckley, WV",362.0,1572.0,569.0,0.0,569.0,1834.0,977.0,2811.0,4855.0,2597.0,7452.0,12404.0,100043.0,112809.0
"Bellingham, WA",591.0,888.0,1412.0,340.0,1752.0,6243.0,8151.0,14394.0,8132.0,11899.0,20031.0,37065.0,189472.0,227128.0
"Bend, OR",520.0,603.0,1033.0,309.0,1342.0,5920.0,7064.0,12984.0,1928.0,8679.0,10607.0,25536.0,176916.0,202972.0
"Billings, MT",188.0,2429.0,887.0,1709.0,2596.0,2667.0,3671.0,6338.0,2558.0,10015.0,12573.0,23936.0,161386.0,185510.0
"Binghamton, NY",689.0,821.0,600.0,266.0,866.0,5301.0,3884.0,9185.0,12912.0,4280.0,17192.0,28064.0,214248.0,243001.0
"Birmingham-Hoover, AL",1608.0,1177.0,2202.0,2117.0,4319.0,13685.0,10642.0,24327.0,66281.0,36925.0,103206.0,133029.0,969687.0,1104324.0
"Bismarck, ND",146.0,1811.0,202.0,102.0,304.0,1642.0,1361.0,3003.0,3702.0,5907.0,9609.0,14727.0,117804.0,132677.0
"Blacksburg-Christiansburg, VA",540.0,1526.0,710.0,42.0,752.0,10667.0,3572.0,14239.0,7592.0,8411.0,16003.0,32520.0,133609.0,166669.0
"Bloomington, IL",1584.0,34.0,376.0,228.0,604.0,5692.0,2719.0,8411.0,8987.0,6393.0,15380.0,24429.0,142932.0,168945.0
"Bloomington, IN",1853.0,743.0,1148.0,1273.0,2421.0,11624.0,6004.0,17628.0,6613.0,16712.0,23325.0,44117.0,114609.0,160579.0
"Bloomsburg-Berwick, PA",50.0,25.0,545.0,124.0,669.0,1760.0,661.0,2421.0,2078.0,1933.0,4011.0,7126.0,75560.0,82736.0
"Bluefield, WV-VA Micro Area",,,,,,,,,,,,,,
"Boise City, ID",2141.0,2780.0,3899.0,5487.0,9386.0,17697.0,17801.0,35498.0,40497.0,21817.0,62314.0,109978.0,681335.0,793454.0
"Boston-Cambridge-Newton, MA-NH",38580.0,2069.0,6683.0,3431.0,10114.0,78028.0,60062.0,138090.0,313921.0,138403.0,452324.0,602597.0,4209449.0,4850626.0
"Boulder, CO",3474.0,384.0,362.0,257.0,619.0,15254.0,23347.0,38601.0,14888.0,14199.0,29087.0,68691.0,255100.0,327265.0
"Bowling Green, KY",691.0,2714.0,741.0,1548.0,2289.0,5074.0,3520.0,8594.0,5470.0,12213.0,17683.0,31280.0,152672.0,184643.0
"Bozeman, MT Micro Area",,,,,,,,,,,,,,
"Brainerd, MN Micro Area",,,,,,,,,,,,,,
"Bremerton-Silverdale-Port Orchard, WA",3399.0,638.0,1860.0,542.0,2402.0,7931.0,9697.0,17628.0,8120.0,5346.0,13466.0,34134.0,234086.0,271619.0
"Bridgeport-Stamford-Norwalk, CT",3565.0,227.0,238.0,277.0,515.0,23322.0,20435.0,43757.0,24365.0,37742.0,62107.0,106606.0,839151.0,949322.0
"Brownsville-Harlingen, TX",1478.0,0.0,0.0,468.0,468.0,872.0,3602.0,4474.0,5437.0,12668.0,18105.0,23047.0,393584.0,418109.0
"Brunswick, GA",74.0,99.0,449.0,97.0,546.0,5088.0,1226.0,6314.0,6246.0,470.0,6716.0,13675.0,100506.0,114255.0
"Buffalo-Cheektowaga, NY",3630.0,1007.0,1832.0,1134.0,2966.0,14355.0,14688.0,29043.0,48581.0,35463.0,84044.0,117060.0,1030306.0,1150996.0
"Burlington, NC",929.0,136.0,267.0,0.0,267.0,4456.0,3258.0,7714.0,4255.0,3250.0,7505.0,15622.0,155501.0,172052.0
"Burlington-South Burlington, VT",1182.0,1741.0,1359.0,204.0,1563.0,7506.0,4897.0,12403.0,7950.0,8031.0,15981.0,31688.0,192129.0,224999.0
"California-Lexington Park, MD",225.0,0.0,25.0,0.0,25.0,4936.0,3108.0,8044.0,4370.0,1497.0,5867.0,13936.0,99292.0,113453.0
"Canton-Massillon, OH",1074.0,238.0,1427.0,436.0,1863.0,8872.0,2328.0,11200.0,18006.0,12532.0,30538.0,43839.0,352788.0,397701.0
"Cape Coral-Fort Myers, FL",4143.0,3507.0,1712.0,324.0,2036.0,32130.0,16389.0,48519.0,27939.0,18570.0,46509.0,100571.0,675826.0,780540.0
"Cape Girardeau, MO-IL",105.0,1141.0,1527.0,856.0,2383.0,2739.0,1189.0,3928.0,4739.0,4027.0,8766.0,16218.0,78854.0,95177.0
"Carbondale-Marion, IL",260.0,2596.0,231.0,385.0,616.0,3027.0,1844.0,4871.0,5236.0,6788.0,12024.0,20107.0,111091.0,131458.0
"Carson City, NV",190.0,200.0,415.0,1021.0,1436.0,745.0,1688.0,2433.0,0.0,2773.0,2773.0,6842.0,51365.0,58397.0
"Casper, WY",819.0,1911.0,230.0,2109.0,2339.0,333.0,1448.0,1781.0,1561.0,4333.0,5894.0,11925.0,65803.0,78547.0
"Cedar Rapids, IA",1093.0,2151.0,739.0,635.0,1374.0,2781.0,3620.0,6401.0,8951.0,7585.0,16536.0,26462.0,245003.0,272558.0
"Centralia, WA Micro Area",,,,,,,,,,,,,,
"Chambersburg-Waynesboro, PA",28.0,750.0,143.0,58.0,201.0,4023.0,1533.0,5556.0,5828.0,3003.0,8831.0,15338.0,139933.0,155299.0
"Champaign-Urbana, IL",3403.0,1354.0,36.0,302.0,338.0,9221.0,6366.0,15587.0,6404.0,16547.0,22951.0,40230.0,175974.0,219607.0
"Charleston, WV",291.0,2663.0,571.0,256.0,827.0,3849.0,1549.0,5398.0,10433.0,4257.0,14690.0,23578.0,226711.0,250580.0
"Charleston-North Charleston, SC",2802.0,1468.0,1163.0,1032.0,2195.0,27441.0,13316.0,40757.0,40744.0,25204.0,65948.0,110368.0,691082.0,804252.0
"Charlotte-Concord-Gastonia, NC-SC",12389.0,2650.0,6714.0,3505.0,10219.0,64733.0,43843.0,108576.0,101133.0,124256.0,225389.0,346834.0,2313680.0,2672903.0
"Charlottesville, VA",1201.0,1424.0,948.0,33.0,981.0,18016.0,7434.0,25450.0,9842.0,4115.0,13957.0,41812.0,175499.0,218512.0
"Chattanooga, TN-GA",3626.0,818.0,2243.0,583.0,2826.0,10637.0,9925.0,20562.0,30612.0,27957.0,58569.0,82775.0,475336.0,561737.0
"Cheyenne, WY",521.0,551.0,389.0,1352.0,1741.0,2906.0,839.0,3745.0,2061.0,4583.0,6644.0,12681.0,86264.0,99466.0
"Chicago-Naperville-Elgin, IL-IN-WI",40955.0,5551.0,4734.0,7344.0,12078.0,73844.0,78013.0,151857.0,452158.0,402177.0,854335.0,1023821.0,8350338.0,9415114.0
"Chico, CA",993.0,659.0,479.0,45.0,524.0,6201.0,6053.0,12254.0,9381.0,11774.0,21155.0,34592.0,170646.0,206231.0
"Chillicothe, OH Micro Area",,,,,,,,,,,,,,
"Cincinnati, OH-KY-IN",8770.0,4579.0,3655.0,3078.0,6733.0,28395.0,24521.0,52916.0,172615.0,47229.0,219844.0,284072.0,1943819.0,2236661.0
"Clarksburg, WV Micro Area",,,,,,,,,,,,,,
"Clarksville, TN-KY",2218.0,1233.0,2221.0,240.0,2461.0,18365.0,8526.0,26891.0,12349.0,20876.0,33225.0,63810.0,260145.0,326173.0
"Clearlake, CA Micro Area",,,,,,,,,,,,,,
"Cleveland, TN",210.0,641.0,756.0,388.0,1144.0,3668.0,4263.0,7931.0,4051.0,9362.0,13413.0,23129.0,104125.0,127464.0
"Cleveland-Elyria, OH",5806.0,1146.0,5694.0,3134.0,8828.0,27286.0,20367.0,47653.0,119248.0,58442.0,177690.0,235317.0,1813200.0,2054323.0
"Coeur d'Alene, ID",329.0,366.0,703.0,314.0,1017.0,7620.0,7473.0,15093.0,6803.0,2662.0,9465.0,25941.0,150861.0,177131.0
"College Station-Bryan, TX",1120.0,1742.0,1161.0,655.0,1816.0,12330.0,12236.0,24566.0,1898.0,26505.0,28403.0,56527.0,210027.0,267674.0
"Colorado Springs, CO",5800.0,3002.0,1214.0,2103.0,3317.0,35624.0,32896.0,68520.0,15133.0,48734.0,63867.0,138706.0,608797.0,753303.0
"Columbia, MO",693.0,879.0,367.0,1463.0,1830.0,8940.0,6763.0,15703.0,4511.0,19049.0,23560.0,41972.0,167724.0,210389.0
"Columbia, SC",2997.0,2452.0,2862.0,2088.0,4950.0,36467.0,18644.0,55111.0,60089.0,18539.0,78628.0,141141.0,685439.0,829577.0
"Columbus, GA-AL",2210.0,918.0,1150.0,1465.0,2615.0,15907.0,6546.0,22453.0,10973.0,17586.0,28559.0,54545.0,265406.0,322161.0
"Columbus, IN",189.0,158.0,583.0,85.0,668.0,1427.0,1511.0,2938.0,861.0,7183.0,8044.0,11808.0,69594.0,81591.0
"Columbus, OH",10591.0,1922.0,6910.0,7096.0,14006.0,34802.0,28863.0,63665.0,89887.0,137272.0,227159.0,306752.0,1809926.0,2127269.0
"Concord, NH Micro Area",,,,,,,,,,,,,,
"Cookeville, TN Micro Area",,,,,,,,,,,,,,
"Corning, NY Micro Area",,,,,,,,,,,,,,
"Corpus Christi, TX",449.0,284.0,568.0,1126.0,1694.0,7196.0,9767.0,16963.0,8742.0,32629.0,41371.0,60312.0,356912.0,417673.0
"Corvallis, OR",349.0,124.0,1451.0,463.0,1914.0,5440.0,7181.0,12621.0,1956.0,6377.0,8333.0,22992.0,70887.0,94228.0
"Crestview-Fort Walton Beach-Destin, FL",1689.0,1077.0,1254.0,862.0,2116.0,15496.0,6417.0,21913.0,21110.0,6559.0,27669.0,52775.0,235186.0,289650.0
"Cullman, AL Micro Area",,,,,,,,,,,,,,
"Cumberland, MD-WV",42.0,904.0,58.0,27.0,85.0,2656.0,1795.0,4451.0,3764.0,1147.0,4911.0,10351.0,83325.0,93718.0
"Dallas-Fort Worth-Arlington, TX",46823.0,13319.0,8839.0,12916.0,21755.0,103574.0,108079.0,211653.0,337700.0,383633.0,721333.0,968060.0,6653095.0,7667978.0
"Dalton, GA",115.0,217.0,161.0,0.0,161.0,2741.0,870.0,3611.0,3136.0,3279.0,6415.0,10404.0,130694.0,141213.0
"Danville, IL",14.0,170.0,124.0,0.0,124.0,865.0,715.0,1580.0,2488.0,2576.0,5064.0,6938.0,65847.0,72799.0
"Danville, VA Micro Area",,,,,,,,,,,,,,
"Daphne-Fairhope-Foley, AL",585.0,694.0,811.0,968.0,1779.0,8969.0,3923.0,12892.0,7844.0,6243.0,14087.0,29452.0,207002.0,237039.0
"Davenport-Moline-Rock Island, IA-IL",1350.0,767.0,1132.0,1160.0,2292.0,4381.0,4948.0,9329.0,13523.0,18143.0,31666.0,44054.0,331779.0,377183.0
"Dayton-Kettering, OH",4051.0,559.0,1901.0,1497.0,3398.0,21115.0,9409.0,30524.0,53132.0,21214.0,74346.0,108827.0,693034.0,805912.0
"Decatur, AL",284.0,241.0,244.0,26.0,270.0,2060.0,3331.0,5391.0,6813.0,3812.0,10625.0,16527.0,138358.0,155169.0
"Decatur, IL",606.0,602.0,100.0,227.0,327.0,2703.0,1575.0,4278.0,2136.0,7351.0,9487.0,14694.0,86066.0,101366.0
"Deltona-Daytona Beach-Ormond Beach, FL",3306.0,1585.0,1232.0,319.0,1551.0,29566.0,15653.0,45219.0,16296.0,15088.0,31384.0,79739.0,597994.0,681039.0
"Denver-Aurora-Lakewood, CO",12025.0,3502.0,1871.0,4975.0,6846.0,57554.0,75550.0,133104.0,137054.0,186900.0,323954.0,467406.0,2465437.0,2944868.0
"Des Moines-West Des Moines, IA",2178.0,4406.0,1074.0,2070.0,3144.0,11337.0,14791.0,26128.0,34532.0,45004.0,79536.0,113214.0,596819.0,712211.0
"Detroit-Warren-Dearborn, MI",13293.0,5005.0,2580.0,2798.0,5378.0,42253.0,31302.0,73555.0,211599.0,106097.0,317696.0,401634.0,3902070.0,4316997.0
"Dothan, AL",94.0,1193.0,1033.0,1118.0,2151.0,2186.0,977.0,3163.0,4531.0,5016.0,9547.0,16054.0,134185.0,150333.0
"Dover, DE",819.0,112.0,25.0,6.0,31.0,3648.0,1740.0,5388.0,4922.0,4619.0,9541.0,15072.0,166028.0,181919.0
"DuBois, PA Micro Area",,,,,,,,,,,,,,
"Dubuque, IA",47.0,959.0,78.0,237.0,315.0,1568.0,1623.0,3191.0,1413.0,4006.0,5419.0,9884.0,88416.0,98347.0
"Duluth, MN-WI",531.0,1354.0,461.0,715.0,1176.0,7690.0,2784.0,10474.0,14224.0,8692.0,22916.0,35920.0,252044.0,288495.0
"Durham-Chapel Hill, NC",5007.0,2190.0,783.0,1380.0,2163.0,21536.0,25436.0,46972.0,14355.0,30741.0,45096.0,96421.0,547227.0,648655.0
"East Stroudsburg, PA",154.0,0.0,191.0,0.0,191.0,4502.0,2079.0,6581.0,3002.0,266.0,3268.0,10040.0,158173.0,168367.0
"Eau Claire, WI",102.0,3165.0,362.0,921.0,1283.0,5231.0,2377.0,7608.0,6425.0,10328.0,16753.0,28809.0,142425.0,171336.0
"El Centro, CA",239.0,0.0,0.0,0.0,0.0,1534.0,1300.0,2834.0,7049.0,3480.0,10529.0,13363.0,164325.0,177927.0
"Elizabethtown-Fort Knox, KY",286.0,867.0,290.0,199.0,489.0,4330.0,6240.0,10570.0,7343.0,5303.0,12646.0,24572.0,130747.0,155605.0
"Elkhart-Goshen, IN",219.0,242.0,664.0,161.0,825.0,3786.0,2157.0,5943.0,3669.0,6004.0,9673.0,16683.0,188299.0,205201.0
"Elmira, NY",239.0,506.0,263.0,122.0,385.0,1466.0,610.0,2076.0,2805.0,1867.0,4672.0,7639.0,74225.0,82103.0
"El Paso, TX",10713.0,699.0,872.0,3387.0,4259.0,13286.0,13881.0,27167.0,5824.0,59341.0,65165.0,97290.0,751341.0,859344.0
"Enid, OK",61.0,610.0,550.0,215.0,765.0,650.0,1116.0,1766.0,217.0,2772.0,2989.0,6130.0,55422.0,61613.0
"Erie, PA",178.0,162.0,964.0,446.0,1410.0,6169.0,3187.0,9356.0,12837.0,10114.0,22951.0,33879.0,232381.0,266438.0
"Eugene-Springfield, OR",611.0,946.0,1022.0,332.0,1354.0,12297.0,10875.0,23172.0,8804.0,29369.0,38173.0,63645.0,315533.0,379789.0
"Eureka-Arcata, CA Micro Area",,,,,,,,,,,,,,
"Evansville, IN-KY",772.0,2501.0,792.0,364.0,1156.0,5677.0,4682.0,10359.0,11701.0,12935.0,24636.0,38652.0,271393.0,310817.0
"Fairbanks, AK",1120.0,539.0,249.0,92.0,341.0,3111.0,2493.0,5604.0,3308.0,2677.0,5985.0,12469.0,80424.0,94013.0
"Fargo, ND-MN",438.0,4459.0,703.0,2362.0,3065.0,6439.0,4429.0,10868.0,13042.0,18190.0,31232.0,49624.0,198379.0,248441.0
"Faribault-Northfield, MN Micro Area",,,,,,,,,,,,,,
"Farmington, MO Micro Area",,,,,,,,,,,,,,
"Farmington, NM",0.0,765.0,1461.0,499.0,1960.0,2223.0,3414.0,5637.0,4109.0,4140.0,8249.0,16611.0,103518.0,120129.0
"Fayetteville, NC",3941.0,2810.0,3731.0,793.0,4524.0,17855.0,15742.0,33597.0,16714.0,19593.0,36307.0,77238.0,436356.0,517535.0
"Fayetteville-Springdale-Rogers, AR",1398.0,417.0,631.0,1161.0,1792.0,10034.0,9616.0,19650.0,18457.0,27639.0,46096.0,67955.0,480087.0,549440.0
"Findlay, OH Micro Area",,,,,,,,,,,,,,
"Flagstaff, AZ",1049.0,1050.0,2327.0,347.0,2674.0,6661.0,5493.0,12154.0,2689.0,8332.0,11021.0,26899.0,116015.0,143963.0
"Flint, MI",1105.0,1268.0,709.0,118.0,827.0,11396.0,2747.0,14143.0,21411.0,9296.0,30707.0,46945.0,352055.0,400105.0
"Florence, SC",405.0,913.0,254.0,97.0,351.0,4375.0,3140.0,7515.0,12428.0,2374.0,14802.0,23581.0,173397.0,197383.0
"Florence-Muscle Shoals, AL",262.0,905.0,288.0,132.0,420.0,4308.0,1445.0,5753.0,6694.0,5714.0,12408.0,19486.0,129924.0,149672.0
"Fond du Lac, WI",188.0,717.0,535.0,334.0,869.0,1719.0,2286.0,4005.0,1867.0,4920.0,6787.0,12378.0,90935.0,103501.0
"Fort Collins, CO",1522.0,677.0,893.0,879.0,1772.0,21125.0,14546.0,35671.0,15763.0,21159.0,36922.0,75042.0,282717.0,359281.0
"Fort Payne, AL Micro Area",,,,,,,,,,,,,,
"Fort Smith, AR-OK",82.0,3869.0,722.0,459.0,1181.0,5848.0,3863.0,9711.0,11284.0,6919.0,18203.0,32964.0,210865.0,243911.0
"Fort Wayne, IN",1887.0,746.0,4001.0,2175.0,6176.0,5853.0,3164.0,9017.0,13541.0,33725.0,47266.0,63205.0,352189.0,417281.0
"Frankfort, KY Micro Area",,,,,,,,,,,,,,
"Fresno, CA",2267.0,64.0,649.0,528.0,1177.0,19795.0,7258.0,27053.0,26499.0,40101.0,66600.0,94894.0,903118.0,1000279.0
"Gadsden, AL",191.0,211.0,626.0,86.0,712.0,3095.0,1319.0,4414.0,2248.0,3535.0,5783.0,11120.0,90328.0,101639.0
"Gainesville, FL",2467.0,2673.0,473.0,686.0,1159.0,20553.0,11214.0,31767.0,11241.0,16996.0,28237.0,63836.0,275199.0,341502.0
"Gainesville, GA",188.0,178.0,804.0,0.0,804.0,10926.0,1733.0,12659.0,6811.0,6188.0,12999.0,26640.0,177751.0,204579.0
"Gallup, NM Micro Area",,,,,,,,,,,,,,
"Gettysburg, PA",1060.0,0.0,32.0,86.0,118.0,3754.0,1448.0,5202.0,5178.0,716.0,5894.0,11214.0,91312.0,103586.0
"Glens Falls, NY",72.0,537.0,597.0,345.0,942.0,4237.0,1515.0,5752.0,5223.0,938.0,6161.0,13392.0,111960.0,125424.0
"Glenwood Springs, CO Micro Area",,,,,,,,,,,,,,
"Goldsboro, NC",922.0,1416.0,1096.0,600.0,1696.0,5014.0,2021.0,7035.0,5546.0,3224.0,8770.0,18917.0,95663.0,115502.0
"Grand Forks, ND-MN",951.0,2539.0,873.0,1106.0,1979.0,3862.0,4068.0,7930.0,2361.0,4936.0,7297.0,19745.0,81631.0,102327.0
"Grand Island, NE",257.0,349.0,88.0,1103.0,1191.0,573.0,1945.0,2518.0,558.0,7269.0,7827.0,11885.0,63143.0,75285.0
"Grand Junction, CO",245.0,762.0,1807.0,194.0,2001.0,4246.0,3866.0,8112.0,6926.0,7450.0,14376.0,25251.0,130827.0,156323.0
"Grand Rapids-Kentwood, MI",2935.0,4203.0,3612.0,1173.0,4785.0,19580.0,10825.0,30405.0,58461.0,25885.0,84346.0,123739.0,953938.0,1080612.0
"Grants Pass, OR",0.0,0.0,897.0,210.0,1107.0,3029.0,1772.0,4801.0,1739.0,4289.0,6028.0,11936.0,75769.0,87705.0
"Great Falls, MT",353.0,1257.0,1036.0,236.0,1272.0,1711.0,1673.0,3384.0,1688.0,4147.0,5835.0,11748.0,70483.0,82584.0
"Greeley, CO",345.0,591.0,683.0,272.0,955.0,14867.0,12108.0,26975.0,8728.0,10356.0,19084.0,47605.0,287989.0,335939.0
"Green Bay, WI",1087.0,678.0,1565.0,394.0,1959.0,5725.0,3534.0,9259.0,13631.0,9931.0,23562.0,35458.0,289989.0,326534.0
"Greeneville, TN Micro Area",,,,,,,,,,,,,,
"Greensboro-High Point, NC",1552.0,696.0,1196.0,1555.0,2751.0,19949.0,19375.0,39324.0,22816.0,44545.0,67361.0,110132.0,659195.0,770879.0
"Greenville, NC",126.0,897.0,2028.0,965.0,2993.0,7102.0,6785.0,13887.0,3949.0,7344.0,11293.0,29070.0,141341.0,170537.0
"Greenville-Anderson, SC",3614.0,1265.0,3949.0,2273.0,6222.0,28924.0,15256.0,44180.0,68671.0,14562.0,83233.0,134900.0,792722.0,931236.0
"Greenwood, SC Micro Area",,,,,,,,,,,,,,
"Guayama, PR",,,,,,,,,,,,,,
"Gulfport-Biloxi, MS",4934.0,890.0,1907.0,1360.0,3267.0,8286.0,7693.0,15979.0,23007.0,9280.0,32287.0,52423.0,355553.0,412910.0
"Hagerstown-Martinsburg, MD-WV",381.0,1579.0,275.0,76.0,351.0,9208.0,4850.0,14058.0,9630.0,6153.0,15783.0,31771.0,264943.0,297095.0
"Hammond, LA",96.0,0.0,221.0,0.0,221.0,3203.0,723.0,3926.0,13164.0,3662.0,16826.0,20973.0,112485.0,133554.0
"Hanford-Corcoran, CA",112.0,0.0,180.0,387.0,567.0,5636.0,4654.0,10290.0,6312.0,2566.0,8878.0,19735.0,131008.0,150855.0
"Harrisburg-Carlisle, PA",1606.0,882.0,1425.0,386.0,1811.0,13811.0,12508.0,26319.0,32960.0,7253.0,40213.0,69225.0,518937.0,589768.0
"Harrisonburg, VA",575.0,1166.0,48.0,0.0,48.0,6431.0,2975.0,9406.0,6659.0,5016.0,11675.0,22295.0,112012.0,134882.0
"Hartford-East Hartford-Middletown, CT",5499.0,124.0,2481.0,184.0,2665.0,23444.0,12770.0,36214.0,62853.0,18868.0,81721.0,120724.0,1074139.0,1200362.0
"Hattiesburg, MS",839.0,343.0,2177.0,879.0,3056.0,2388.0,2780.0,5168.0,6700.0,9289.0,15989.0,24556.0,145356.0,170751.0
"Heber, UT Micro Area",,,,,,,,,,,,,,
"Helena, MT Micro Area",,,,,,,,,,,,,,
"Hermiston-Pendleton, OR Micro Area",,,,,,,,,,,,,,
"Hickory-Lenoir-Morganton, NC",561.0,454.0,863.0,367.0,1230.0,7900.0,4777.0,12677.0,10026.0,7184.0,17210.0,31571.0,331574.0,363706.0
"Hilo, HI Micro Area",,,,,,,,,,,,,,
"Hilton Head Island-Bluffton, SC",157.0,984.0,728.0,442.0,1170.0,12235.0,4304.0,16539.0,8062.0,3744.0,11806.0,30499.0,189940.0,220596.0
"Hinesville, GA",1187.0,632.0,424.0,623.0,1047.0,3315.0,4813.0,8128.0,3775.0,2747.0,6522.0,16329.0,59705.0,77221.0
"Hobbs, NM Micro Area",,,,,,,,,,,,,,
"Holland, MI Micro Area",,,,,,,,,,,,,,
"Homosassa Springs, FL",188.0,582.0,2514.0,645.0,3159.0,9787.0,3686.0,13473.0,3795.0,953.0,4748.0,21962.0,135106.0,157256.0
"Hot Springs, AR",0.0,823.0,441.0,124.0,565.0,1518.0,825.0,2343.0,2260.0,1376.0,3636.0,7367.0,91770.0,99137.0
"Houma-Thibodaux, LA",237.0,140.0,60.0,0.0,60.0,2708.0,687.0,3395.0,12358.0,3596.0,15954.0,19549.0,183476.0,203262.0
"Houston-The Woodlands-Sugar Land, TX",51241.0,9185.0,8883.0,10909.0,19792.0,84055.0,110140.0,194195.0,349567.0,370800.0,720367.0,943539.0,6119397.0,7114177.0
"Huntington-Ashland, WV-KY-OH",480.0,2406.0,1498.0,42.0,1540.0,7811.0,2243.0,10054.0,15748.0,6631.0,22379.0,36379.0,316338.0,353197.0
"Huntsville, AL",3644.0,3235.0,714.0,1827.0,2541.0,12162.0,7966.0,20128.0,17445.0,19419.0,36864.0,62768.0,431200.0,497612.0
"Huntsville, TX Micro Area",,,,,,,,,,,,,,
"Idaho Falls, ID",216.0,561.0,977.0,1579.0,2556.0,5338.0,3198.0,8536.0,7631.0,9825.0,17456.0,29109.0,131752.0,161077.0
"Indiana, PA Micro Area",,,,,,,,,,,,,,
"Indianapolis-Carmel-Anderson, IN",9752.0,2018.0,3701.0,2759.0,6460.0,30906.0,21898.0,52804.0,90224.0,112247.0,202471.0,263753.0,1828945.0,2102450.0
"Iowa City, IA",1180.0,2220.0,948.0,1385.0,2333.0,5238.0,5483.0,10721.0,9145.0,13824.0,22969.0,38243.0,136320.0,175743.0
"Ithaca, NY",471.0,310.0,452.0,109.0,561.0,12108.0,9342.0,21450.0,5664.0,2560.0,8224.0,30545.0,73442.0,104458.0
"Jackson, MI",168.0,563.0,1148.0,167.0,1315.0,2667.0,1233.0,3900.0,9389.0,3006.0,12395.0,18173.0,139968.0,158309.0
"Jackson, MS",992.0,1725.0,1288.0,1816.0,3104.0,6287.0,5633.0,11920.0,26734.0,22449.0,49183.0,65932.0,514538.0,581462.0
"Jackson, TN",305.0,985.0,150.0,147.0,297.0,4223.0,2706.0,6929.0,5811.0,7525.0,13336.0,21547.0,157478.0,179330.0
"Jacksonville, FL",4362.0,2169.0,4273.0,5200.0,9473.0,61508.0,31406.0,92914.0,45850.0,93338.0,139188.0,243744.0,1371068.0,1619174.0
"Jacksonville, NC",1290.0,2456.0,1570.0,301.0,1871.0,19331.0,5889.0,25220.0,16092.0,6603.0,22695.0,52242.0,147663.0,201195.0
"Jamestown-Dunkirk-Fredonia, NY Micro Area",,,,,,,,,,,,,,
"Janesville-Beloit, WI",319.0,454.0,356.0,468.0,824.0,4486.0,1961.0,6447.0,2503.0,6874.0,9377.0,17102.0,145582.0,163003.0
"Jefferson, GA Micro Area",,,,,,,,,,,,,,
"Jefferson City, MO",80.0,1452.0,328.0,361.0,689.0,2331.0,3483.0,5814.0,6951.0,2835.0,9786.0,17741.0,131709.0,149530.0
"Johnson City, TN",208.0,363.0,535.0,748.0,1283.0,7878.0,3376.0,11254.0,8043.0,9231.0,17274.0,30174.0,173749.0,204131.0
"Johnstown, PA",559.0,241.0,496.0,49.0,545.0,2092.0,1547.0,3639.0,5713.0,2049.0,7762.0,12187.0,118206.0,130952.0
"Jonesboro, AR",219.0,1419.0,1668.0,507.0,2175.0,1459.0,1944.0,3403.0,6001.0,14307.0,20308.0,27305.0,105995.0,133519.0
"Joplin, MO",172.0,1673.0,323.0,620.0,943.0,2939.0,2067.0,5006.0,11374.0,4763.0,16137.0,23759.0,156075.0,180006.0
"Kahului-Wailuku-Lahaina, HI",645.0,42.0,458.0,0.0,458.0,5102.0,2580.0,7682.0,9287.0,3715.0,13002.0,21184.0,141060.0,162889.0
"Kalamazoo-Portage, MI",319.0,2167.0,3564.0,428.0,3992.0,7933.0,4272.0,12205.0,8984.0,13044.0,22028.0,40392.0,217618.0,258329.0
"Kalispell, MT Micro Area",,,,,,,,,,,,,,
"Kankakee, IL",417.0,57.0,45.0,40.0,85.0,2828.0,645.0,3473.0,3311.0,551.0,3862.0,7477.0,97857.0,105751.0
"Kansas City, MO-KS",9372.0,5848.0,3465.0,5984.0,9449.0,34711.0,35014.0,69725.0,110484.0,107796.0,218280.0,303302.0,1862233.0,2174907.0
"Kapaa, HI Micro Area",,,,,,,,,,,,,,
"Keene, NH Micro Area",,,,,,,,,,,,,,
"Kennewick-Richland, WA",1174.0,463.0,1310.0,785.0,2095.0,1642.0,4962.0,6604.0,11965.0,14337.0,26302.0,35464.0,267477.0,304115.0
"Key West, FL Micro Area",,,,,,,,,,,,,,
