NAME,B07201_014E,B07201_013E,B07201_012E,B07201_011E,B07201_010E,B07201_009E,B07201_008E,B07201_007E,B07201_006E,B07201_005E,B07201_004E,B07201_003E,B07201_002E,B07201_001E
"Reading, PA",1667.0,123.0,165.0,110.0,275.0,8287.0,3900.0,12187.0,17076.0,16036.0,33112.0,45697.0,360730.0,408094.0
"Redding, CA",1163.0,989.0,2188.0,1059.0,3247.0,2336.0,2975.0,5311.0,9593.0,10048.0,19641.0,29188.0,147071.0,177422.0
"Reno, NV",2720.0,1345.0,1815.0,3593.0,5408.0,12844.0,10944.0,23788.0,23020.0,41249.0,64269.0,94810.0,336301.0,433831.0
"Richmond, IN Micro Area",,,,,,,,,,,,,,
"Richmond, VA",4351.0,6123.0,1521.0,1776.0,3297.0,30885.0,20712.0,51597.0,94427.0,32030.0,126457.0,187474.0,1043396.0,1235221.0
"Richmond-Berea, KY Micro Area",,,,,,,,,,,,,,
"Riverside-San Bernardino-Ontario, CA",26021.0,2286.0,2543.0,1666.0,4209.0,100875.0,75744.0,176619.0,321690.0,151137.0,472827.0,655941.0,3642570.0,4324532.0
"Roanoke, VA",442.0,1307.0,1920.0,110.0,2030.0,6915.0,5395.0,12310.0,19142.0,15520.0,34662.0,50309.0,257407.0,308158.0
"Roanoke Rapids, NC Micro Area",,,,,,,,,,,,,,
"Rochester, MN",1149.0,895.0,2243.0,901.0,3144.0,1830.0,2483.0,4313.0,7828.0,8743.0,16571.0,24923.0,182738.0,208810.0
"Rochester, NY",5146.0,1832.0,4843.0,1681.0,6524.0,16323.0,10427.0,26750.0,67751.0,43144.0,110895.0,146001.0,919639.0,1070786.0
"Rockford, IL",828.0,49.0,636.0,437.0,1073.0,4560.0,2216.0,6776.0,18267.0,17469.0,35736.0,43634.0,296996.0,341458.0
"Rocky Mount, NC",285.0,231.0,1155.0,117.0,1272.0,2116.0,2523.0,4639.0,5374.0,7669.0,13043.0,19185.0,129642.0,149112.0
"Rome, GA",447.0,635.0,1710.0,354.0,2064.0,2664.0,907.0,3571.0,6196.0,5998.0,12194.0,18464.0,76518.0,95429.0
"Roseburg, OR Micro Area",,,,,,,,,,,,,,
"Roswell, NM Micro Area",,,,,,,,,,,,,,
"Russellville, AR Micro Area",,,,,,,,,,,,,,
"Sacramento--Roseville--Arden-Arcade, CA",13701.0,3307.0,2260.0,2507.0,4767.0,39125.0,39948.0,79073.0,177501.0,135333.0,312834.0,399981.0,1775866.0,2189548.0
"Saginaw, MI",835.0,876.0,1187.0,571.0,1758.0,3372.0,4325.0,7697.0,10797.0,6511.0,17308.0,27639.0,166398.0,194872.0
"St. Cloud, MN",498.0,3439.0,1390.0,842.0,2232.0,10595.0,3017.0,13612.0,10508.0,8321.0,18829.0,38112.0,150255.0,188865.0
"St. George, UT",109.0,707.0,473.0,2050.0,2523.0,6601.0,5629.0,12230.0,3659.0,10622.0,14281.0,29741.0,116174.0,146024.0
"St. Joseph, MO-KS",259.0,1544.0,925.0,691.0,1616.0,4208.0,2022.0,6230.0,5026.0,9232.0,14258.0,23648.0,104014.0,127921.0
"St. Louis, MO-IL",9449.0,9014.0,4421.0,5700.0,10121.0,26955.0,27690.0,54645.0,233066.0,63730.0,296796.0,370576.0,2389643.0,2769668.0
"Salem, OH Micro Area",,,,,,,,,,,,,,
"Salem, OR",1230.0,1599.0,2292.0,2094.0,4386.0,14097.0,8515.0,22612.0,19337.0,23616.0,42953.0,71550.0,324408.0,397188.0
"Salinas, CA",2751.0,392.0,746.0,361.0,1107.0,12250.0,7793.0,20043.0,18508.0,8950.0,27458.0,49000.0,370575.0,422326.0
"Salisbury, MD-DE",1446.0,920.0,578.0,540.0,1118.0,13462.0,4758.0,18220.0,24335.0,7133.0,31468.0,51726.0,326658.0,379830.0
"Salt Lake City, UT",6543.0,3023.0,2511.0,3313.0,5824.0,25924.0,17189.0,43113.0,90544.0,33988.0,124532.0,176492.0,939650.0,1122685.0
"San Angelo, TX",441.0,1741.0,1112.0,748.0,1860.0,6078.0,3536.0,9614.0,1203.0,12491.0,13694.0,26909.0,88288.0,115638.0
"San Antonio-New Braunfels, TX",15967.0,5488.0,5469.0,5313.0,10782.0,37783.0,50939.0,88722.0,70994.0,214106.0,285100.0,390092.0,1841906.0,2247965.0
"San Diego-Carlsbad, CA",33052.0,1955.0,1825.0,1729.0,3554.0,53943.0,49072.0,103015.0,162016.0,177633.0,339649.0,448173.0,2686679.0,3167904.0
"Sandusky, OH Micro Area",,,,,,,,,,,,,,
"San Francisco-Oakland-Hayward, CA",46746.0,2038.0,2722.0,1603.0,4325.0,57940.0,104856.0,162796.0,230023.0,203930.0,433953.0,603112.0,3818194.0,4468052.0
"San Germán, PR",,,,,,,,,,,,,,
"San Jose-Sunnyvale-Santa Clara, CA",33521.0,230.0,136.0,1170.0,1306.0,34733.0,35352.0,70085.0,35211.0,138792.0,174003.0,245624.0,1615200.0,1894345.0
"San Juan-Carolina-Caguas, PR",,,,,,,,,,,,,,
"San Luis Obispo-Paso Robles-Arroyo Grande, CA",1778.0,316.0,533.0,536.0,1069.0,10208.0,7492.0,17700.0,17745.0,14469.0,32214.0,51299.0,220646.0,273723.0
"Santa Cruz-Watsonville, CA",987.0,0.0,175.0,236.0,411.0,7231.0,6907.0,14138.0,7856.0,11830.0,19686.0,34235.0,231141.0,266363.0
"Santa Fe, NM",683.0,264.0,837.0,1085.0,1922.0,2329.0,4642.0,6971.0,1483.0,7556.0,9039.0,18196.0,127582.0,146461.0
"Santa Maria-Santa Barbara, CA",5755.0,226.0,282.0,554.0,836.0,11148.0,14387.0,25535.0,33407.0,26786.0,60193.0,86790.0,337034.0,429579.0
"Santa Rosa, CA",1278.0,239.0,3034.0,464.0,3498.0,8589.0,11174.0,19763.0,26741.0,20511.0,47252.0,70752.0,418652.0,490682.0
"Savannah, GA",2559.0,2048.0,768.0,1307.0,2075.0,12711.0,9639.0,22350.0,15855.0,20125.0,35980.0,62453.0,296073.0,361085.0
"Scranton--Wilkes-Barre--Hazleton, PA",2284.0,983.0,996.0,453.0,1449.0,10031.0,7769.0,17800.0,30473.0,15300.0,45773.0,66005.0,488440.0,556729.0
"Searcy, AR Micro Area",,,,,,,,,,,,,,
"Seattle-Tacoma-Bellevue, WA",34621.0,6020.0,6605.0,10841.0,17446.0,58655.0,71456.0,130111.0,207783.0,235581.0,443364.0,596941.0,2936080.0,3567642.0
"Sebastian-Vero Beach, FL",814.0,892.0,413.0,111.0,524.0,7467.0,3348.0,10815.0,8499.0,4018.0,12517.0,24748.0,115244.0,140806.0
"Sebring, FL",1078.0,316.0,807.0,0.0,807.0,3497.0,1638.0,5135.0,6512.0,1838.0,8350.0,14608.0,80541.0,96227.0
"Seneca, SC Micro Area",,,,,,,,,,,,,,
"Sevierville, TN Micro Area",,,,,,,,,,,,,,
"Sioux City, IA-NE-SD",254.0,2312.0,173.0,645.0,818.0,1400.0,1970.0,3370.0,6625.0,11598.0,18223.0,24723.0,141206.0,166183.0
"Sioux Falls, SD",630.0,2614.0,1191.0,2903.0,4094.0,3166.0,2618.0,5784.0,6910.0,20731.0,27641.0,40133.0,199153.0,239916.0
"Somerset, PA Micro Area",,,,,,,,,,,,,,
"South Bend-Mishawaka, IN-MI",1631.0,1120.0,3173.0,252.0,3425.0,7252.0,5517.0,12769.0,11930.0,17714.0,29644.0,46958.0,265708.0,314297.0
"Spartanburg, SC",1027.0,419.0,1382.0,507.0,1889.0,8819.0,5026.0,13845.0,26506.0,5773.0,32279.0,48432.0,265061.0,314520.0
"Shawnee, OK Micro Area",,,,,,,,,,,,,,
"Sheboygan, WI",307.0,294.0,1365.0,498.0,1863.0,954.0,1412.0,2366.0,3480.0,6337.0,9817.0,14340.0,99024.0,113671.0
"Shelby, NC Micro Area",,,,,,,,,,,,,,
"Sherman-Denison, TX",769.0,1272.0,837.0,1099.0,1936.0,3885.0,850.0,4735.0,4677.0,6302.0,10979.0,18922.0,100751.0,120442.0
"Show Low, AZ Micro Area",,,,,,,,,,,,,,
"Shreveport-Bossier City, LA",1652.0,3135.0,588.0,1757.0,2345.0,6819.0,4717.0,11536.0,11494.0,35503.0,46997.0,64013.0,375327.0,440992.0
"Sierra Vista-Douglas, AZ",2295.0,135.0,484.0,268.0,752.0,5795.0,5102.0,10897.0,2697.0,7312.0,10009.0,21793.0,104354.0,128442.0
"Spokane-Spokane Valley, WA",1846.0,2116.0,1368.0,2901.0,4269.0,11536.0,8669.0,20205.0,23015.0,32088.0,55103.0,81693.0,446469.0,530008.0
"Springfield, IL",566.0,1537.0,551.0,486.0,1037.0,3130.0,3295.0,6425.0,5078.0,14811.0,19889.0,28888.0,180644.0,210098.0
"Springfield, MA",3858.0,1055.0,1518.0,405.0,1923.0,18138.0,6439.0,24577.0,41787.0,19579.0,61366.0,88921.0,527346.0,620125.0
"Springfield, MO",671.0,5587.0,2766.0,1556.0,4322.0,12815.0,7401.0,20216.0,28312.0,23857.0,52169.0,82294.0,362336.0,445301.0
"Springfield, OH",237.0,173.0,900.0,534.0,1434.0,3070.0,677.0,3747.0,5292.0,8400.0,13692.0,19046.0,115946.0,135229.0
"State College, PA",2675.0,270.0,1323.0,1228.0,2551.0,16647.0,3706.0,20353.0,9230.0,9363.0,18593.0,41767.0,109767.0,154209.0
"Statesboro, GA Micro Area",,,,,,,,,,,,,,
"Staunton-Waynesboro, VA",409.0,945.0,47.0,7.0,54.0,2931.0,1280.0,4211.0,5363.0,3581.0,8944.0,14154.0,100789.0,115352.0
"Stevens Point, WI Micro Area",,,,,,,,,,,,,,
"Stillwater, OK Micro Area",,,,,,,,,,,,,,
"Stockton-Lodi, CA",2306.0,1659.0,563.0,227.0,790.0,17073.0,16922.0,33995.0,27064.0,50211.0,77275.0,113719.0,579313.0,695338.0
"Sumter, SC",664.0,1581.0,295.0,253.0,548.0,2027.0,2829.0,4856.0,2649.0,5506.0,8155.0,15140.0,90615.0,106419.0
"Sunbury, PA Micro Area",,,,,,,,,,,,,,
"Syracuse, NY",3079.0,667.0,1645.0,1221.0,2866.0,15321.0,8511.0,23832.0,35904.0,22224.0,58128.0,85493.0,567057.0,655629.0
"Talladega-Sylacauga, AL Micro Area",,,,,,,,,,,,,,
"Tallahassee, FL",1657.0,2382.0,967.0,1156.0,2123.0,13604.0,9119.0,22723.0,17617.0,44393.0,62010.0,89238.0,279210.0,370105.0
"Tampa-St. Petersburg-Clearwater, FL",19825.0,6328.0,4448.0,2632.0,7080.0,64493.0,43148.0,107641.0,210113.0,136197.0,346310.0,467359.0,2353051.0,2840235.0
"Terre Haute, IN",541.0,1975.0,1126.0,441.0,1567.0,2843.0,3246.0,6089.0,6703.0,8805.0,15508.0,25139.0,140072.0,165752.0
"Texarkana, TX-AR",12.0,2067.0,32.0,330.0,362.0,3296.0,1571.0,4867.0,10753.0,4023.0,14776.0,22072.0,125653.0,147737.0
"The Villages, FL",325.0,435.0,398.0,272.0,670.0,10847.0,1326.0,12173.0,1995.0,1952.0,3947.0,17225.0,89061.0,106611.0
"Toledo, OH",2629.0,1583.0,2794.0,2497.0,5291.0,9809.0,6438.0,16247.0,34359.0,44270.0,78629.0,101750.0,497277.0,601656.0
"Topeka, KS",558.0,1495.0,400.0,1160.0,1560.0,4443.0,4221.0,8664.0,5272.0,16861.0,22133.0,33852.0,197201.0,231611.0
"Torrington, CT Micro Area",,,,,,,,,,,,,,
"Traverse City, MI Micro Area",,,,,,,,,,,,,,
"Trenton, NJ",4810.0,0.0,6.0,72.0,78.0,14591.0,6318.0,20909.0,10071.0,8683.0,18754.0,39741.0,322957.0,367508.0
"Truckee-Grass Valley, CA Micro Area",,,,,,,,,,,,,,
"Tucson, AZ",8145.0,1159.0,3252.0,3705.0,6957.0,24362.0,23837.0,48199.0,41259.0,105415.0,146674.0,202989.0,774363.0,985497.0
"Tullahoma-Manchester, TN Micro Area",,,,,,,,,,,,,,
"Tulsa, OK",3468.0,6103.0,2507.0,5045.0,7552.0,11506.0,9609.0,21115.0,55771.0,65876.0,121647.0,156417.0,789217.0,949102.0
"Tupelo, MS Micro Area",,,,,,,,,,,,,,
"Tuscaloosa, AL",1469.0,1180.0,1511.0,764.0,2275.0,6683.0,5787.0,12470.0,12274.0,14699.0,26973.0,42898.0,186916.0,231283.0
"Twin Falls, ID Micro Area",,,,,,,,,,,,,,
"Tyler, TX",448.0,764.0,619.0,3462.0,4081.0,7559.0,2674.0,10233.0,7772.0,14254.0,22026.0,37104.0,174730.0,212282.0
"Ukiah, CA Micro Area",,,,,,,,,,,,,,
"Urban Honolulu, HI",13676.0,777.0,3445.0,1619.0,5064.0,23575.0,22689.0,46264.0,55153.0,35923.0,91076.0,143181.0,813498.0,970355.0
"Utica-Rome, NY",949.0,464.0,1422.0,300.0,1722.0,6140.0,4282.0,10422.0,15521.0,12096.0,27617.0,40225.0,252752.0,293926.0
"Valdosta, GA",1662.0,1663.0,1088.0,1091.0,2179.0,3451.0,2579.0,6030.0,5988.0,10326.0,16314.0,26186.0,114011.0,141859.0
"Vallejo-Fairfield, CA",2335.0,469.0,252.0,388.0,640.0,12579.0,10951.0,23530.0,19954.0,23248.0,43202.0,67841.0,349845.0,420021.0
"Victoria, TX",165.0,1195.0,282.0,229.0,511.0,2205.0,1470.0,3675.0,1862.0,9411.0,11273.0,16654.0,78597.0,95416.0
"Vineland-Bridgeton, NJ",248.0,0.0,0.0,74.0,74.0,4707.0,1208.0,5915.0,4825.0,5381.0,10206.0,16195.0,138436.0,154879.0
"Virginia Beach-Norfolk-Newport News, VA-NC",11360.0,4769.0,2862.0,3609.0,6471.0,46111.0,34335.0,80446.0,44503.0,155361.0,199864.0,291550.0,1383367.0,1686277.0
"Visalia-Porterville, CA",820.0,319.0,45.0,23.0,68.0,9378.0,8825.0,18203.0,24538.0,24959.0,49497.0,68087.0,377496.0,446403.0
"Waco, TX",456.0,900.0,1159.0,717.0,1876.0,5825.0,6979.0,12804.0,11637.0,21866.0,33503.0,49083.0,205081.0,254620.0
"Walla Walla, WA",345.0,77.0,2249.0,197.0,2446.0,1575.0,2017.0,3592.0,1865.0,2281.0,4146.0,10261.0,52143.0,62749.0
"Warner Robins, GA",524.0,532.0,136.0,662.0,798.0,4394.0,1801.0,6195.0,9522.0,13341.0,22863.0,30388.0,153749.0,184661.0
"Kalamazoo-Portage, MI",604.0,452.0,3010.0,384.0,3394.0,13665.0,4805.0,18470.0,18076.0,19006.0,37082.0,59398.0,268534.0,328536.0
"Kalispell, MT Micro Area",,,,,,,,,,,,,,
"Kankakee, IL",119.0,287.0,179.0,149.0,328.0,3193.0,1674.0,4867.0,4013.0,2081.0,6094.0,11576.0,99498.0,111193.0
"Kansas City, MO-KS",7615.0,6232.0,5368.0,4936.0,10304.0,25102.0,28502.0,53604.0,133661.0,120835.0,254496.0,324636.0,1691678.0,2023929.0
"Kapaa, HI Micro Area",,,,,,,,,,,,,,
"Keene, NH Micro Area",,,,,,,,,,,,,,
"Kennewick-Richland, WA",1849.0,906.0,1974.0,243.0,2217.0,3475.0,4146.0,7621.0,11664.0,18538.0,30202.0,40946.0,223622.0,266417.0
"Key West, FL Micro Area",,,,,,,,,,,,,,
"Killeen-Temple, TX",5993.0,745.0,722.0,1120.0,1842.0,15991.0,19361.0,35352.0,18456.0,20027.0,38483.0,76422.0,335429.0,417844.0
"Kingsport-Bristol-Bristol, TN-VA",977.0,5351.0,2415.0,1579.0,3994.0,5514.0,2442.0,7956.0,18033.0,9967.0,28000.0,45301.0,259542.0,305820.0
"Kingston, NY",727.0,654.0,520.0,148.0,668.0,3040.0,2503.0,5543.0,10421.0,2232.0,12653.0,19518.0,158932.0,179177.0
"Klamath Falls, OR Micro Area",,,,,,,,,,,,,,
"Knoxville, TN",1589.0,2068.0,3421.0,2184.0,5605.0,16069.0,9432.0,25501.0,48801.0,25961.0,74762.0,107936.0,732951.0,842476.0
"Laredo, TX",2276.0,120.0,376.0,653.0,1029.0,1665.0,2514.0,4179.0,613.0,15236.0,15849.0,21177.0,235351.0,258804.0
"Las Cruces, NM",2167.0,758.0,1679.0,1604.0,3283.0,2338.0,4018.0,6356.0,7116.0,11982.0,19098.0,29495.0,178860.0,210522.0
"Las Vegas-Henderson-Paradise, NV",13402.0,1928.0,1563.0,4142.0,5705.0,43917.0,42686.0,86603.0,129326.0,192666.0,321992.0,416228.0,1575160.0,2004790.0
"Laurel, MS Micro Area",,,,,,,,,,,,,,
"Lawrence, KS",1807.0,322.0,415.0,240.0,655.0,5108.0,4199.0,9307.0,790.0,12653.0,13443.0,23727.0,87564.0,113098.0
"Kokomo, IN",175.0,107.0,37.0,1587.0,1624.0,1318.0,1383.0,2701.0,1858.0,8302.0,10160.0,14592.0,67007.0,81774.0
"La Crosse-Onalaska, WI-MN",513.0,2338.0,850.0,750.0,1600.0,2482.0,2313.0,4795.0,3846.0,13383.0,17229.0,25962.0,107415.0,133890.0
"Lafayette, LA",2846.0,1969.0,3788.0,839.0,4627.0,6475.0,4062.0,10537.0,31916.0,15379.0,47295.0,64428.0,405580.0,472854.0
"Lafayette-West Lafayette, IN",2896.0,2993.0,717.0,2156.0,2873.0,6946.0,4399.0,11345.0,12117.0,18620.0,30737.0,47948.0,155353.0,206197.0
"LaGrange, GA Micro Area",,,,,,,,,,,,,,
"Lake Charles, LA",496.0,745.0,371.0,570.0,941.0,4552.0,1304.0,5856.0,14753.0,9971.0,24724.0,32266.0,167276.0,200038.0
"Lake City, FL Micro Area",,,,,,,,,,,,,,
"Lake Havasu City-Kingman, AZ",585.0,1229.0,616.0,3036.0,3652.0,9721.0,4061.0,13782.0,11523.0,12549.0,24072.0,42735.0,157177.0,200497.0
"Lakeland-Winter Haven, FL",4857.0,1801.0,3604.0,631.0,4235.0,15621.0,9009.0,24630.0,38560.0,24511.0,63071.0,93737.0,517606.0,616200.0
"Lancaster, PA",1448.0,270.0,492.0,77.0,569.0,8754.0,5767.0,14521.0,25951.0,7516.0,33467.0,48827.0,471215.0,521490.0
"Lansing-East Lansing, MI",3660.0,1430.0,1943.0,1744.0,3687.0,17855.0,11417.0,29272.0,28488.0,29592.0,58080.0,92469.0,365347.0,461476.0
"Lawton, OK",1929.0,1627.0,1499.0,2268.0,3767.0,8047.0,7184.0,15231.0,2803.0,13229.0,16032.0,36657.0,90808.0,129394.0
"Lebanon, PA",674.0,0.0,188.0,98.0,286.0,5114.0,945.0,6059.0,7352.0,4466.0,11818.0,18163.0,114305.0,133142.0
"Lewiston, ID-WA",111.0,689.0,281.0,312.0,593.0,1032.0,1049.0,2081.0,1318.0,4452.0,5770.0,9133.0,52296.0,61540.0
"Lewiston-Auburn, ME",225.0,1631.0,148.0,201.0,349.0,1349.0,1230.0,2579.0,3376.0,8728.0,12104.0,16663.0,89413.0,106301.0
"Lexington-Fayette, KY",5027.0,3511.0,2446.0,3007.0,5453.0,12990.0,6160.0,19150.0,21934.0,46842.0,68776.0,96890.0,382308.0,484225.0
"Lima, OH",248.0,614.0,1135.0,276.0,1411.0,1949.0,876.0,2825.0,4676.0,9767.0,14443.0,19293.0,84881.0,104422.0
"Lincoln, NE",2328.0,2933.0,1634.0,1487.0,3121.0,5954.0,7079.0,13033.0,4097.0,37156.0,41253.0,60340.0,249626.0,312294.0
"Little Rock-North Little Rock-Conway, AR",2233.0,4587.0,2767.0,857.0,3624.0,10459.0,11032.0,21491.0,34747.0,34396.0,69143.0,98845.0,613222.0,714300.0
"Logan, UT-ID",1057.0,494.0,244.0,1198.0,1442.0,4177.0,2564.0,6741.0,6484.0,7923.0,14407.0,23084.0,103155.0,127296.0
"London, KY Micro Area",,,,,,,,,,,,,,
"Longview, TX",220.0,2484.0,998.0,1038.0,2036.0,5315.0,6385.0,11700.0,12684.0,13903.0,26587.0,42807.0,170582.0,213609.0
"Manitowoc, WI Micro Area",,,,,,,,,,,,,,
"Mankato-North Mankato, MN",293.0,799.0,488.0,974.0,1462.0,4701.0,952.0,5653.0,3823.0,6082.0,9905.0,17819.0,79326.0,97438.0
"Mansfield, OH",393.0,241.0,1762.0,762.0,2524.0,2600.0,1828.0,4428.0,4641.0,7241.0,11882.0,19075.0,100986.0,120454.0
"Marinette, WI-MI Micro Area",,,,,,,,,,,,,,
"Marion, IN Micro Area",,,,,,,,,,,,,,
"Longview, WA",259.0,707.0,486.0,300.0,786.0,1767.0,1439.0,3206.0,6984.0,6551.0,13535.0,18234.0,82624.0,101117.0
"Los Angeles-Long Beach-Anaheim, CA",92621.0,2989.0,4066.0,4569.0,8635.0,114898.0,132328.0,247226.0,580087.0,798343.0,1378430.0,1637280.0,11253748.0,12983649.0
"Louisville/Jefferson County, KY-IN",4877.0,4672.0,3360.0,1225.0,4585.0,16930.0,12860.0,29790.0,56452.0,65188.0,121640.0,160687.0,1082644.0,1248208.0
"Lubbock, TX",1139.0,1853.0,1003.0,3278.0,4281.0,8282.0,10599.0,18881.0,6601.0,39609.0,46210.0,71225.0,229407.0,301771.0
"Lufkin, TX Micro Area",,,,,,,,,,,,,,
"Lumberton, NC Micro Area",,,,,,,,,,,,,,
"Lynchburg, VA",670.0,811.0,454.0,118.0,572.0,8772.0,3183.0,11955.0,14719.0,10848.0,25567.0,38905.0,218413.0,257988.0
"Macon, GA",255.0,1347.0,724.0,2067.0,2791.0,3085.0,3716.0,6801.0,10774.0,17872.0,28646.0,39585.0,187138.0,226978.0
"Madera, CA",1088.0,129.0,161.0,6.0,167.0,3681.0,2493.0,6174.0,6634.0,2185.0,8819.0,15289.0,133593.0,149970.0
"Madison, WI",4282.0,2662.0,2862.0,2065.0,4927.0,13618.0,13862.0,27480.0,35607.0,44529.0,80136.0,115205.0,501194.0,620681.0
"Manchester-Nashua, NH",2207.0,480.0,3076.0,715.0,3791.0,12385.0,3523.0,15908.0,7393.0,24283.0,31676.0,51855.0,345324.0,399386.0
"Manhattan, KS",1296.0,2052.0,278.0,1072.0,1350.0,4881.0,4422.0,9303.0,1531.0,6305.0,7836.0,20541.0,74673.0,96510.0
"Marion, OH Micro Area",,,,,,,,,,,,,,
"Marquette, MI Micro Area",,,,,,,,,,,,,,
"Marshall, TX Micro Area",,,,,,,,,,,,,,
"Martinsville, VA Micro Area",,,,,,,,,,,,,,
"Mayagüez, PR",,,,,,,,,,,,,,
"McAllen-Edinburg-Mission, TX",6073.0,1677.0,480.0,1923.0,2403.0,4482.0,9310.0,13792.0,33052.0,26822.0,59874.0,77746.0,716245.0,800064.0
"Meadville, PA Micro Area",,,,,,,,,,,,,,
"Medford, OR",490.0,271.0,2726.0,857.0,3583.0,5739.0,5004.0,10743.0,12762.0,10169.0,22931.0,37528.0,169049.0,207067.0
"Memphis, TN-MS-AR",5308.0,4206.0,1872.0,5635.0,7507.0,13477.0,17460.0,30937.0,59835.0,99781.0,159616.0,202266.0,1116868.0,1324442.0
"Merced, CA",1120.0,345.0,154.0,370.0,524.0,6378.0,5149.0,11527.0,18549.0,11071.0,29620.0,42016.0,215745.0,258881.0
"Meridian, MS Micro Area",,,,,,,,,,,,,,
"Mobile, AL",1199.0,745.0,485.0,195.0,680.0,4223.0,4148.0,8371.0,25391.0,24490.0,49881.0,59677.0,349505.0,410381.0
"Modesto, CA",2071.0,1046.0,549.0,583.0,1132.0,12648.0,7907.0,20555.0,29821.0,26415.0,56236.0,78969.0,436450.0,517490.0
"Monroe, LA",28.0,2294.0,260.0,606.0,866.0,2262.0,3118.0,5380.0,8349.0,4826.0,13175.0,21715.0,154989.0,176732.0
"Monroe, MI",138.0,221.0,550.0,329.0,879.0,3749.0,800.0,4549.0,5210.0,3265.0,8475.0,14124.0,134047.0,148309.0
"Montgomery, AL",1692.0,4427.0,1037.0,1252.0,2289.0,8690.0,6521.0,15211.0,16648.0,35324.0,51972.0,73899.0,296387.0,371978.0
"Morehead City, NC Micro Area",,,,,,,,,,,,,,
"Miami-Fort Lauderdale-West Palm Beach, FL",79192.0,3177.0,3897.0,2602.0,6499.0,70216.0,68758.0,138974.0,413475.0,191491.0,604966.0,753616.0,4933939.0,5766747.0
"Michigan City-La Porte, IN",99.0,81.0,253.0,532.0,785.0,3381.0,3424.0,6805.0,3087.0,7466.0,10553.0,18224.0,92190.0,110513.0
"Midland, MI",379.0,363.0,252.0,148.0,400.0,1775.0,627.0,2402.0,1970.0,4507.0,6477.0,9642.0,73084.0,83105.0
"Midland, TX",731.0,1406.0,450.0,547.0,997.0,3163.0,8248.0,11411.0,1118.0,19585.0,20703.0,34517.0,118590.0,153838.0
"Milwaukee-Waukesha-West Allis, WI",6284.0,2278.0,4775.0,1245.0,6020.0,19291.0,18415.0,37706.0,56583.0,111797.0,168380.0,214384.0,1331173.0,1551841.0
"Minneapolis-St. Paul-Bloomington, MN-WI",21703.0,13748.0,6592.0,9497.0,16089.0,31731.0,38922.0,70653.0,244980.0,140332.0,385312.0,485802.0,2907084.0,3414589.0
"Minot, ND Micro Area",,,,,,,,,,,,,,
"Missoula, MT",1272.0,1960.0,1107.0,962.0,2069.0,1471.0,3391.0,4862.0,4099.0,12924.0,17023.0,25914.0,83439.0,110625.0
"Morgantown, WV",713.0,1526.0,765.0,444.0,1209.0,7795.0,1794.0,9589.0,6935.0,5810.0,12745.0,25069.0,109416.0,135198.0
"Morristown, TN",209.0,429.0,1722.0,31.0,1753.0,1754.0,976.0,2730.0,6279.0,3602.0,9881.0,14793.0,98830.0,113832.0
"Moses Lake, WA Micro Area",,,,,,,,,,,,,,
"Mount Airy, NC Micro Area",,,,,,,,,,,,,,
"Mount Pleasant, MI Micro Area",,,,,,,,,,,,,,
"Mount Vernon-Anacortes, WA",34.0,513.0,444.0,724.0,1168.0,3462.0,2189.0,5651.0,6565.0,6620.0,13185.0,20517.0,96749.0,117300.0
"Muncie, IN",0.0,2969.0,1616.0,504.0,2120.0,4913.0,4732.0,9645.0,1892.0,14319.0,16211.0,30945.0,85449.0,116394.0
"Muskegon, MI",318.0,1193.0,802.0,451.0,1253.0,5143.0,1578.0,6721.0,13778.0,8892.0,22670.0,31837.0,137382.0,169537.0
"Muskogee, OK Micro Area",,,,,,,,,,,,,,
"Myrtle Beach-Conway-North Myrtle Beach, SC-NC",1040.0,2435.0,2127.0,932.0,3059.0,14612.0,8320.0,22932.0,26702.0,15161.0,41863.0,70289.0,330079.0,401408.0
"Nacogdoches, TX Micro Area",,,,,,,,,,,,,,
"Napa, CA",1255.0,75.0,204.0,722.0,926.0,2444.0,4536.0,6980.0,2890.0,8500.0,11390.0,19371.0,118581.0,139207.0
"Naples-Immokalee-Marco Island, FL",3068.0,1050.0,1370.0,764.0,2134.0,14303.0,6065.0,20368.0,25679.0,11141.0,36820.0,60372.0,273658.0,337098.0
"Nashville-Davidson--Murfreesboro--Franklin, TN",11218.0,6655.0,3585.0,7024.0,10609.0,39998.0,25092.0,65090.0,88637.0,120984.0,209621.0,291975.0,1432498.0,1735691.0
"New Bern, NC",1251.0,707.0,1576.0,1091.0,2667.0,6406.0,1845.0,8251.0,7823.0,5980.0,13803.0,25428.0,100088.0,126767.0
"New Castle, PA Micro Area",,,,,,,,,,,,,,
"New Haven-Milford, CT",5008.0,113.0,1879.0,525.0,2404.0,14485.0,13643.0,28128.0,44335.0,18516.0,62851.0,93496.0,756772.0,855276.0
"New Orleans-Metairie, LA",4761.0,478.0,2508.0,1289.0,3797.0,17120.0,14615.0,31735.0,58002.0,65308.0,123310.0,159320.0,1062806.0,1226887.0
"New Philadelphia-Dover, OH Micro Area",,,,,,,,,,,,,,
"New York-Newark-Jersey City, NY-NJ-PA",156686.0,5299.0,7507.0,4264.0,11771.0,114025.0,120854.0,234879.0,711370.0,789103.0,1500473.0,1752422.0,17814435.0,19723543.0
"Niles-Benton Harbor, MI",670.0,570.0,472.0,47.0,519.0,3406.0,2298.0,5704.0,11740.0,2779.0,14519.0,21312.0,131272.0,153254.0
"North Port-Sarasota-Bradenton, FL",5521.0,1676.0,3496.0,1148.0,4644.0,25765.0,15848.0,41613.0,34641.0,28681.0,63322.0,111255.0,609480.0,726256.0
"North Wilkesboro, NC Micro Area",,,,,,,,,,,,,,
"Norwich-New London, CT",1200.0,228.0,64.0,792.0,856.0,9144.0,4454.0,13598.0,14042.0,6720.0,20762.0,35444.0,233827.0,270471.0
"Oak Harbor, WA Micro Area",,,,,,,,,,,,,,
"Ocala, FL",665.0,665.0,895.0,56.0,951.0,11760.0,6250.0,18010.0,22704.0,13073.0,35777.0,55403.0,277912.0,333980.0
"Ocean City, NJ",57.0,0.0,31.0,123.0,154.0,1771.0,1225.0,2996.0,1996.0,645.0,2641.0,5791.0,89058.0,94906.0
"Odessa, TX",2022.0,862.0,1441.0,525.0,1966.0,1998.0,6321.0,8319.0,2078.0,15233.0,17311.0,28458.0,115129.0,145609.0
"Ogden-Clearfield, UT",3348.0,1260.0,779.0,1319.0,2098.0,16170.0,6570.0,22740.0,46962.0,18179.0,65141.0,91239.0,518551.0,613138.0
"Ogdensburg-Massena, NY Micro Area",,,,,,,,,,,,,,
"Oklahoma City, OK",6038.0,5344.0,4105.0,9414.0,13519.0,20955.0,25471.0,46426.0,95235.0,89511.0,184746.0,250035.0,1045233.0,1301306.0
"Olean, NY Micro Area",,,,,,,,,,,,,,
"Olympia-Tumwater, WA",2615.0,312.0,2271.0,433.0,2704.0,10547.0,6208.0,16755.0,15589.0,10586.0,26175.0,45946.0,210513.0,259074.0
"Omaha-Council Bluffs, NE-IA",4714.0,3395.0,1971.0,3246.0,5217.0,7785.0,15432.0,23217.0,34313.0,68472.0,102785.0,134614.0,744241.0,883569.0
"Opelousas, LA Micro Area",,,,,,,,,,,,,,
"Orangeburg, SC Micro Area",,,,,,,,,,,,,,
"Orlando-Kissimmee-Sanford, FL",25124.0,3216.0,2438.0,1457.0,3895.0,59434.0,38508.0,97942.0,159163.0,79880.0,239043.0,344096.0,1869098.0,2238318.0
"Oshkosh-Neenah, WI",248.0,1871.0,780.0,778.0,1558.0,5291.0,3865.0,9156.0,4641.0,9256.0,13897.0,26482.0,140851.0,167581.0
"Ottawa-Peru, IL Micro Area",,,,,,,,,,,,,,
"Owensboro, KY",430.0,1143.0,85.0,223.0,308.0,943.0,761.0,1704.0,6522.0,8774.0,15296.0,18451.0,97091.0,115972.0
"Parkersburg-Vienna, WV",146.0,738.0,924.0,77.0,1001.0,718.0,630.0,1348.0,2992.0,1663.0,4655.0,7742.0,83225.0,91113.0
"Pensacola-Ferry Pass-Brent, FL",1862.0,2489.0,1474.0,2970.0,4444.0,18557.0,9454.0,28011.0,30906.0,14234.0,45140.0,80084.0,377620.0,459566.0
"Peoria, IL",1020.0,1479.0,1430.0,1047.0,2477.0,6885.0,5940.0,12825.0,19761.0,14707.0,34468.0,51249.0,325928.0,378197.0
"Philadelphia-Camden-Wilmington, PA-NJ-DE-MD",35157.0,2014.0,2740.0,1949.0,4689.0,80705.0,46031.0,126736.0,309519.0,191937.0,501456.0,634895.0,5293346.0,5963398.0
"Owosso, MI Micro Area",,,,,,,,,,,,,,
"Oxnard-Thousand Oaks-Ventura, CA",4390.0,568.0,1020.0,1121.0,2141.0,19768.0,12986.0,32754.0,19640.0,45737.0,65377.0,100840.0,725095.0,830325.0
"Paducah, KY-IL Micro Area",,,,,,,,,,,,,,
"Palatka, FL Micro Area",,,,,,,,,,,,,,
"Palm Bay-Melbourne-Titusville, FL",2971.0,1262.0,1192.0,373.0,1565.0,12530.0,7852.0,20382.0,26297.0,17587.0,43884.0,67093.0,476854.0,546918.0
"Panama City, FL",1040.0,1464.0,92.0,470.0,562.0,5774.0,2825.0,8599.0,14552.0,7949.0,22501.0,33126.0,153894.0,188060.0
"Phoenix-Mesa-Scottsdale, AZ",29006.0,12612.0,8377.0,3733.0,12110.0,78516.0,75252.0,153768.0,226430.0,360404.0,586834.0,765324.0,3546457.0,4340787.0
"Pine Bluff, AR",50.0,195.0,36.0,70.0,106.0,828.0,626.0,1454.0,3802.0,2784.0,6586.0,8341.0,87228.0,95619.0
"Pinehurst-Southern Pines, NC Micro Area",,,,,,,,,,,,,,
"Pittsburgh, PA",10859.0,3773.0,3924.0,2105.0,6029.0,27856.0,18683.0,46539.0,168833.0,45568.0,214401.0,270742.0,2057161.0,2338762.0
"Pittsfield, MA",484.0,138.0,160.0,178.0,338.0,2292.0,1828.0,4120.0,5891.0,5584.0,11475.0,16071.0,111801.0,128356.0
"Plattsburgh, NY Micro Area",,,,,,,,,,,,,,
"Pocatello, ID",535.0,563.0,377.0,417.0,794.0,2434.0,1490.0,3924.0,1338.0,9115.0,10453.0,15734.0,66136.0,82405.0
"Ponce, PR",,,,,,,,,,,,,,
"Port Angeles, WA Micro Area",,,,,,,,,,,,,,
"Portland-South Portland, ME",2431.0,2226.0,3733.0,839.0,4572.0,14093.0,6778.0,20871.0,34587.0,15953.0,50540.0,78209.0,434052.0,514692.0
"Portland-Vancouver-Hillsboro, OR-WA",13548.0,5231.0,5914.0,4803.0,10717.0,37929.0,47945.0,85874.0,136749.0,171262.0,308011.0,409833.0,1863336.0,2286717.0
"Port St. Lucie, FL",3568.0,117.0,231.0,189.0,420.0,16234.0,11007.0,27241.0,19237.0,13008.0,32245.0,60023.0,370775.0,434366.0
"Portsmouth, OH Micro Area",,,,,,,,,,,,,,
"Pottsville, PA Micro Area",,,,,,,,,,,,,,
"Prescott, AZ",467.0,846.0,1614.0,1095.0,2709.0,9439.0,6897.0,16336.0,18486.0,4490.0,22976.0,42867.0,170226.0,213560.0
"Providence-Warwick, RI-MA",9262.0,443.0,1647.0,644.0,2291.0,30736.0,16132.0,46868.0,110372.0,29563.0,139935.0,189537.0,1389706.0,1588505.0
"Provo-Orem, UT",6239.0,2353.0,2078.0,3252.0,5330.0,22621.0,12691.0,35312.0,33506.0,35092.0,68598.0,111593.0,434119.0,551951.0
"Pueblo, CO",842.0,1350.0,329.0,557.0,886.0,2559.0,2068.0,4627.0,4045.0,20269.0,24314.0,31177.0,127838.0,159857.0
"Punta Gorda, FL",403.0,809.0,186.0,186.0,372.0,7533.0,7471.0,15004.0,12048.0,2001.0,14049.0,30234.0,133245.0,163882.0
"Quincy, IL-MO Micro Area",,,,,,,,,,,,,,
"Racine, WI",486.0,1049.0,195.0,154.0,349.0,4308.0,968.0,5276.0,5074.0,7814.0,12888.0,19562.0,172210.0,192258.0
"Raleigh, NC",7305.0,3782.0,5761.0,3151.0,8912.0,27332.0,25133.0,52465.0,63469.0,60335.0,123804.0,188963.0,1003594.0,1199862.0
"Rapid City, SD",917.0,3131.0,450.0,1098.0,1548.0,2680.0,2612.0,5292.0,6055.0,12278.0,18333.0,28304.0,110378.0,139599.0
"Warsaw, IN Micro Area",,,,,,,,,,,,,,
"Washington-Arlington-Alexandria, DC-VA-MD-WV",74459.0,9490.0,3772.0,2777.0,6549.0,105333.0,86737.0,192070.0,407792.0,204145.0,611937.0,820046.0,4980496.0,5875001.0
"Waterloo-Cedar Falls, IA",964.0,1887.0,341.0,408.0,749.0,1920.0,2091.0,4011.0,3558.0,10620.0,14178.0,20825.0,145728.0,167517.0
"Watertown-Fort Atkinson, WI Micro Area",,,,,,,,,,,,,,
"Watertown-Fort Drum, NY",2860.0,702.0,1595.0,421.0,2016.0,7642.0,2890.0,10532.0,8511.0,5752.0,14263.0,27513.0,86532.0,116905.0
"Wausau, WI",119.0,782.0,778.0,393.0,1171.0,1617.0,998.0,2615.0,6546.0,6413.0,12959.0,17527.0,116176.0,133822.0
"Weirton-Steubenville, WV-OH",417.0,567.0,439.0,282.0,721.0,2659.0,682.0,3341.0,5272.0,4874.0,10146.0,14775.0,108678.0,123870.0
"Wenatchee, WA",298.0,39.0,98.0,216.0,314.0,1487.0,1401.0,2888.0,6029.0,3372.0,9401.0,12642.0,99396.0,112336.0
"Wheeling, WV-OH",303.0,495.0,191.0,294.0,485.0,2362.0,1218.0,3580.0,7454.0,3049.0,10503.0,15063.0,129634.0,145000.0
"Whitewater-Elkhorn, WI Micro Area",,,,,,,,,,,,,,
"Wichita, KS",2667.0,1898.0,1322.0,4374.0,5696.0,5767.0,5128.0,10895.0,23562.0,49026.0,72588.0,91077.0,534454.0,628198.0
"Wichita Falls, TX",1409.0,746.0,414.0,1393.0,1807.0,5458.0,3489.0,8947.0,3382.0,11081.0,14463.0,25963.0,122198.0,149570.0
"Williamsport, PA",125.0,352.0,699.0,583.0,1282.0,2699.0,1115.0,3814.0,4522.0,4121.0,8643.0,14091.0,101454.0,115670.0
"Wilmington, NC",2126.0,2102.0,1025.0,622.0,1647.0,10754.0,6794.0,17548.0,10576.0,17931.0,28507.0,49804.0,214676.0,266606.0
"Wilson, NC Micro Area",,,,,,,,,,,,,,
"Winchester, VA-WV",160.0,811.0,154.0,83.0,237.0,4487.0,2229.0,6716.0,7705.0,2907.0,10612.0,18376.0,106984.0,125520.0
"Winston-Salem, NC",1918.0,363.0,1337.0,623.0,1960.0,11655.0,11502.0,23157.0,27620.0,29974.0,57594.0,83074.0,558947.0,643939.0
"Wisconsin Rapids-Marshfield, WI Micro Area",,,,,,,,,,,,,,
"Wooster, OH Micro Area",,,,,,,,,,,,,,
"Worcester, MA-CT",4414.0,375.0,657.0,228.0,885.0,22764.0,12415.0,35179.0,49521.0,19964.0,69485.0,105924.0,806756.0,917094.0
"Yakima, WA",481.0,971.0,407.0,346.0,753.0,2196.0,1189.0,3385.0,13863.0,17511.0,31374.0,36483.0,206896.0,243860.0
"York-Hanover, PA",2235.0,541.0,1098.0,648.0,1746.0,11741.0,3410.0,15151.0,26741.0,15195.0,41936.0,59374.0,373170.0,434779.0
"Youngstown-Warren-Boardman, OH-PA",1054.0,589.0,2680.0,1238.0,3918.0,9152.0,6132.0,15284.0,29467.0,16572.0,46039.0,65830.0,483559.0,550443.0
"Yuba City, CA",822.0,510.0,376.0,572.0,948.0,2924.0,3013.0,5937.0,15525.0,7589.0,23114.0,30509.0,134483.0,165814.0
"Yuma, AZ",2226.0,179.0,1135.0,286.0,1421.0,4564.0,4580.0,9144.0,8610.0,10110.0,18720.0,29464.0,166301.0,197991.0
"Zanesville, OH Micro Area",,,,,,,,,,,,,,
"Ithaca, NY",3841.0,367.0,228.0,109.0,337.0,5434.0,3740.0,9174.0,4247.0,3844.0,8091.0,17969.0,80846.0,102656.0
"Jackson, MI",69.0,254.0,1962.0,793.0,2755.0,6185.0,2649.0,8834.0,9374.0,4862.0,14236.0,26079.0,132552.0,158700.0
"Jackson, MS",622.0,4586.0,1976.0,2093.0,4069.0,3504.0,5938.0,9442.0,29924.0,22942.0,52866.0,70963.0,500599.0,572184.0
"Jackson, TN",102.0,1701.0,189.0,120.0,309.0,3167.0,2605.0,5772.0,4317.0,7222.0,11539.0,19321.0,109532.0,128955.0
"Jacksonville, FL",4840.0,2459.0,5297.0,1742.0,7039.0,37213.0,30498.0,67711.0,51771.0,118077.0,169848.0,247057.0,1125460.0,1377357.0
"Jacksonville, NC",3684.0,2028.0,737.0,941.0,1678.0,10279.0,5300.0,15579.0,13941.0,9482.0,23423.0,42708.0,135464.0,181856.0
"Jamestown-Dunkirk-Fredonia, NY Micro Area",,,,,,,,,,,,,,
"Janesville-Beloit, WI",506.0,215.0,366.0,508.0,874.0,2883.0,1470.0,4353.0,4464.0,12556.0,17020.0,22462.0,135712.0,158680.0
"Jefferson City, MO",226.0,2741.0,1412.0,2212.0,3624.0,3307.0,2057.0,5364.0,6108.0,4006.0,10114.0,21843.0,124430.0,146499.0
"Johnson City, TN",256.0,659.0,834.0,511.0,1345.0,3826.0,2291.0,6117.0,10052.0,9401.0,19453.0,27574.0,170767.0,198597.0
"Johnstown, PA",443.0,459.0,922.0,0.0,922.0,3261.0,1635.0,4896.0,7591.0,1283.0,8874.0,15151.0,123333.0,138927.0
"Jonesboro, AR",776.0,2091.0,976.0,1626.0,2602.0,1519.0,2059.0,3578.0,6548.0,11082.0,17630.0,25901.0,96773.0,123450.0
"Joplin, MO",171.0,2532.0,372.0,1175.0,1547.0,3997.0,1270.0,5267.0,9568.0,6608.0,16176.0,25522.0,147418.0,173111.0
"Kahului-Wailuku-Lahaina, HI",905.0,5.0,295.0,117.0,412.0,1608.0,2366.0,3974.0,8700.0,8930.0,17630.0,22021.0,135832.0,158758.0
"Aberdeen, WA Micro Area",,,,,,,,,,,,,,
"Abilene, TX",477.0,2607.0,264.0,1743.0,2007.0,4134.0,5908.0,10042.0,4271.0,23459.0,27730.0,42386.0,123297.0,166160.0
"Adrian, MI Micro Area",,,,,,,,,,,,,,
"Aguadilla-Isabela, PR",,,,,,,,,,,,,,
"Akron, OH",4559.0,593.0,1958.0,793.0,2751.0,17253.0,6225.0,23478.0,36457.0,21074.0,57531.0,84353.0,609850.0,698762.0
"Alamogordo, NM Micro Area",,,,,,,,,,,,,,
"Albany, GA",20.0,984.0,264.0,1495.0,1759.0,2796.0,2404.0,5200.0,6542.0,9667.0,16209.0,24152.0,130270.0,154442.0
"Albany, OR",374.0,189.0,238.0,930.0,1168.0,6805.0,3047.0,9852.0,7504.0,6555.0,14059.0,25268.0,92212.0,117854.0
"Albany-Schenectady-Troy, NY",5000.0,1328.0,3123.0,1318.0,4441.0,17760.0,14037.0,31797.0,46903.0,29236.0,76139.0,113705.0,750934.0,869639.0
"Albertville, AL Micro Area",,,,,,,,,,,,,,
"Albuquerque, NM",5159.0,2558.0,3241.0,2295.0,5536.0,13030.0,12373.0,25403.0,26359.0,75473.0,101832.0,135329.0,750772.0,891260.0
"Alexandria, LA",289.0,526.0,355.0,266.0,621.0,1343.0,2491.0,3834.0,9195.0,5470.0,14665.0,19646.0,133311.0,153246.0
"Allentown-Bethlehem-Easton, PA-NJ",6688.0,426.0,1052.0,366.0,1418.0,20609.0,8106.0,28715.0,39813.0,28620.0,68433.0,98992.0,713928.0,819608.0
"Altoona, PA",125.0,127.0,127.0,18.0,145.0,1991.0,806.0,2797.0,5009.0,2829.0,7838.0,10907.0,114258.0,125290.0
"Amarillo, TX",676.0,1669.0,1529.0,3692.0,5221.0,2711.0,6187.0,8898.0,4549.0,26765.0,31314.0,47102.0,207441.0,255219.0
"Ames, IA",2299.0,2589.0,478.0,1048.0,1526.0,4312.0,4520.0,8832.0,2675.0,12457.0,15132.0,28079.0,61395.0,91773.0
"Anchorage, AK",3622.0,4881.0,1952.0,1267.0,3219.0,7828.0,9312.0,17140.0,10062.0,37257.0,47319.0,72559.0,315064.0,391245.0
"Ann Arbor, MI",5170.0,428.0,1801.0,821.0,2622.0,20759.0,10785.0,31544.0,20901.0,20163.0,41064.0,75658.0,270735.0,351563.0
"Anniston-Oxford-Jacksonville, AL",561.0,712.0,4559.0,277.0,4836.0,3011.0,2411.0,5422.0,4636.0,7487.0,12123.0,23093.0,92269.0,115923.0
"Appleton, WI",415.0,1480.0,1446.0,113.0,1559.0,4609.0,3410.0,8019.0,8349.0,6372.0,14721.0,25779.0,201622.0,227816.0
"Arecibo, PR",,,,,,,,,,,,,,
"Asheville, NC",811.0,1747.0,2459.0,1501.0,3960.0,10681.0,11842.0,22523.0,26342.0,10759.0,37101.0,65331.0,368086.0,434228.0
"Ashtabula, OH Micro Area",,,,,,,,,,,,,,
"Athens, TX Micro Area",,,,,,,,,,,,,,
"Athens-Clarke County, GA",1663.0,954.0,577.0,519.0,1096.0,10975.0,3644.0,14619.0,3384.0,17445.0,20829.0,37498.0,155563.0,194724.0
"Atlanta-Sandy Springs-Roswell, GA",35310.0,10889.0,8293.0,9082.0,17375.0,72754.0,92907.0,165661.0,529588.0,140721.0,670309.0,864234.0,4559672.0,5459216.0
"Atlantic City-Hammonton, NJ",1765.0,214.0,45.0,3.0,48.0,5899.0,3959.0,9858.0,12631.0,5979.0,18610.0,28730.0,243127.0,273622.0
"Auburn, NY Micro Area",,,,,,,,,,,,,,
"Auburn-Opelika, AL",1027.0,1460.0,138.0,1467.0,1605.0,7421.0,4480.0,11901.0,4009.0,12601.0,16610.0,31576.0,117114.0,149717.0
"Augusta-Richmond County, GA-SC",1944.0,2191.0,978.0,1622.0,2600.0,14616.0,7677.0,22293.0,25216.0,20579.0,45795.0,72879.0,498578.0,573401.0
"Augusta-Waterville, ME Micro Area",,,,,,,,,,,,,,
"Austin-Round Rock, TX",14682.0,4406.0,4123.0,8907.0,13030.0,41836.0,65142.0,106978.0,78107.0,165545.0,243652.0,368066.0,1477422.0,1860170.0
"Bakersfield, CA",4984.0,384.0,33.0,1131.0,1164.0,20857.0,19805.0,40662.0,56173.0,54456.0,110629.0,152839.0,695275.0,853098.0
"Baltimore-Columbia-Towson, MD",16432.0,3392.0,2636.0,1996.0,4632.0,46009.0,32035.0,78044.0,155645.0,106021.0,261666.0,347734.0,2372511.0,2736677.0
"Bangor, ME",385.0,3260.0,748.0,221.0,969.0,2964.0,2046.0,5010.0,7414.0,4036.0,11450.0,20689.0,130606.0,151680.0
"Barnstable Town, MA",309.0,472.0,50.0,202.0,252.0,6109.0,1046.0,7155.0,5985.0,1552.0,7537.0,15416.0,197627.0,213352.0
"Baton Rouge, LA",2443.0,3519.0,1279.0,2514.0,3793.0,14355.0,12262.0,26617.0,42127.0,31246.0,73373.0,107302.0,700006.0,809751.0
"Battle Creek, MI",631.0,178.0,626.0,57.0,683.0,4192.0,1430.0,5622.0,6905.0,7293.0,14198.0,20681.0,112339.0,133651.0
"Blacksburg-Christiansburg-Radford, VA",976.0,1343.0,165.0,302.0,467.0,12856.0,2511.0,15367.0,7520.0,14493.0,22013.0,39190.0,137095.0,177261.0
"Bay City, MI",292.0,1262.0,77.0,152.0,229.0,763.0,1273.0,2036.0,3968.0,8805.0,12773.0,16300.0,89277.0,105869.0
"Beaumont-Port Arthur, TX",1430.0,3422.0,630.0,1247.0,1877.0,6069.0,7531.0,13600.0,18613.0,17589.0,36202.0,55101.0,342083.0,398614.0
"Beaver Dam, WI Micro Area",,,,,,,,,,,,,,
"Beckley, WV",35.0,936.0,708.0,175.0,883.0,787.0,1084.0,1871.0,6467.0,2646.0,9113.0,12803.0,110567.0,123405.0
"Bellingham, WA",915.0,143.0,161.0,386.0,547.0,3473.0,2888.0,6361.0,6368.0,13908.0,20276.0,27327.0,175345.0,203587.0
"Bend-Redmond, OR",839.0,1162.0,602.0,1561.0,2163.0,4255.0,3117.0,7372.0,5031.0,11523.0,16554.0,27251.0,136002.0,164092.0
"Billings, MT",1276.0,4273.0,523.0,1410.0,1933.0,2059.0,4356.0,6415.0,3378.0,13332.0,16710.0,29331.0,132938.0,163545.0
"Binghamton, NY",1325.0,1206.0,350.0,628.0,978.0,4103.0,2628.0,6731.0,15824.0,7328.0,23152.0,32067.0,212146.0,245538.0
"Birmingham-Hoover, AL",2343.0,4270.0,1853.0,1697.0,3550.0,13638.0,14324.0,27962.0,75461.0,48576.0,124037.0,159819.0,963037.0,1125199.0
"Bismarck, ND",151.0,2116.0,152.0,1412.0,1564.0,581.0,1999.0,2580.0,4306.0,6522.0,10828.0,17088.0,106234.0,123473.0
"Bloomington, IL",1077.0,631.0,1179.0,1003.0,2182.0,8296.0,3317.0,11613.0,13690.0,9660.0,23350.0,37776.0,151132.0,189985.0
"Bloomington, IN",2237.0,525.0,1304.0,910.0,2214.0,10132.0,6232.0,16364.0,8058.0,19542.0,27600.0,46703.0,112279.0,161219.0
"Bloomsburg-Berwick, PA",146.0,142.0,685.0,70.0,755.0,3564.0,1271.0,4835.0,3255.0,2303.0,5558.0,11290.0,73492.0,84928.0
"Bluefield, WV-VA Micro Area",,,,,,,,,,,,,,
"Boise City, ID",2582.0,3873.0,2895.0,6844.0,9739.0,10348.0,8034.0,18382.0,44345.0,36566.0,80911.0,112905.0,527336.0,642823.0
"Boston-Cambridge-Newton, MA-NH",51059.0,3063.0,4961.0,1774.0,6735.0,69393.0,52486.0,121879.0,332286.0,143456.0,475742.0,607419.0,3973028.0,4631506.0
"Boulder, CO",3360.0,510.0,499.0,523.0,1022.0,16882.0,15982.0,32864.0,21350.0,19077.0,40427.0,74823.0,229313.0,307496.0
"Bowling Green, KY",1158.0,2056.0,1466.0,549.0,2015.0,3451.0,2289.0,5740.0,7784.0,14007.0,21791.0,31602.0,129223.0,161983.0
"Bozeman, MT Micro Area",,,,,,,,,,,,,,
"Brainerd, MN Micro Area",,,,,,,,,,,,,,
"Branson, MO Micro Area",,,,,,,,,,,,,,
"Bremerton-Silverdale, WA",2996.0,1668.0,2530.0,1114.0,3644.0,6951.0,5685.0,12636.0,20629.0,10422.0,31051.0,48999.0,198450.0,250445.0
"Bridgeport-Stamford-Norwalk, CT",8499.0,258.0,771.0,128.0,899.0,19434.0,17453.0,36887.0,24025.0,45310.0,69335.0,107379.0,815044.0,930922.0
"Brunswick, GA",718.0,855.0,219.0,599.0,818.0,3171.0,2517.0,5688.0,13206.0,2101.0,15307.0,22668.0,88381.0,111767.0
"Buffalo-Cheektowaga-Niagara Falls, NY",8034.0,1444.0,2890.0,1110.0,4000.0,8362.0,10906.0,19268.0,53712.0,45841.0,99553.0,124265.0,990047.0,1122346.0
"Burlington, NC",1198.0,298.0,342.0,294.0,636.0,4094.0,1998.0,6092.0,7443.0,6287.0,13730.0,20756.0,131368.0,153322.0
"Burlington-South Burlington, VT",940.0,1764.0,1229.0,331.0,1560.0,5051.0,3322.0,8373.0,10773.0,8480.0,19253.0,30950.0,181827.0,213717.0
"California-Lexington Park, MD",44.0,323.0,27.0,473.0,500.0,3067.0,2196.0,5263.0,2913.0,2600.0,5513.0,11599.0,96306.0,107949.0
"Canton-Massillon, OH",1156.0,606.0,2825.0,585.0,3410.0,6039.0,4328.0,10367.0,16251.0,14328.0,30579.0,44962.0,353404.0,399522.0
"Cape Coral-Fort Myers, FL",7257.0,1948.0,3476.0,709.0,4185.0,26544.0,10954.0,37498.0,36785.0,34488.0,71273.0,114904.0,534283.0,656444.0
"Cape Girardeau, MO-IL",245.0,1510.0,926.0,1044.0,1970.0,3323.0,1120.0,4443.0,3620.0,4656.0,8276.0,16199.0,77600.0,94044.0
"Carbondale-Marion, IL",658.0,2545.0,500.0,272.0,772.0,2617.0,2500.0,5117.0,6435.0,5975.0,12410.0,20844.0,104136.0,125638.0
"Carson City, NV",0.0,741.0,2574.0,560.0,3134.0,1708.0,1247.0,2955.0,0.0,5495.0,5495.0,12325.0,41144.0,53469.0
"Casper, WY",585.0,768.0,787.0,767.0,1554.0,1661.0,1019.0,2680.0,1492.0,6498.0,7990.0,12992.0,66875.0,80452.0
"Cedar Rapids, IA",408.0,1885.0,364.0,772.0,1136.0,2885.0,4957.0,7842.0,11127.0,11668.0,22795.0,33658.0,225035.0,259101.0
"Centralia, WA Micro Area",,,,,,,,,,,,,,
"Chambersburg-Waynesboro, PA",90.0,97.0,299.0,81.0,380.0,4619.0,1235.0,5854.0,4632.0,2969.0,7601.0,13932.0,136288.0,150310.0
"Champaign-Urbana, IL",2584.0,746.0,718.0,1250.0,1968.0,10697.0,8457.0,19154.0,9150.0,26323.0,35473.0,57341.0,171936.0,231861.0
"Charleston, WV",340.0,1830.0,381.0,189.0,570.0,2665.0,2158.0,4823.0,11278.0,6789.0,18067.0,25290.0,196837.0,222467.0
"Charleston-Mattoon, IL Micro Area",,,,,,,,,,,,,,
"Charleston-North Charleston, SC",2280.0,2474.0,3396.0,1594.0,4990.0,19098.0,14148.0,33246.0,48267.0,30375.0,78642.0,119352.0,583411.0,705043.0
"Charlotte-Concord-Gastonia, NC-SC",11060.0,5905.0,4738.0,2779.0,7517.0,50714.0,39212.0,89926.0,109219.0,137309.0,246528.0,349876.0,1945781.0,2306717.0
"Charlottesville, VA",2065.0,1346.0,50.0,247.0,297.0,8700.0,5432.0,14132.0,10665.0,6475.0,17140.0,32915.0,188193.0,223173.0
"Chattanooga, TN-GA",1735.0,2010.0,1958.0,869.0,2827.0,8380.0,8062.0,16442.0,28155.0,24750.0,52905.0,74184.0,457755.0,533674.0
"Cheyenne, WY",632.0,1173.0,356.0,509.0,865.0,3658.0,2370.0,6028.0,4553.0,6660.0,11213.0,19279.0,74872.0,94783.0
"Chicago-Naperville-Elgin, IL-IN-WI",57702.0,5022.0,8644.0,10127.0,18771.0,73014.0,82674.0,155688.0,534561.0,449280.0,983841.0,1163322.0,8208196.0,9429220.0
"Brownsville-Harlingen, TX",3396.0,32.0,20.0,929.0,949.0,4785.0,4710.0,9495.0,7079.0,24921.0,32000.0,42476.0,365821.0,411693.0
"Chico, CA",810.0,867.0,861.0,193.0,1054.0,6919.0,7782.0,14701.0,11612.0,16413.0,28025.0,44647.0,174170.0,219627.0
"Chillicothe, OH Micro Area",,,,,,,,,,,,,,
"Cincinnati, OH-KY-IN",10309.0,6960.0,4561.0,3217.0,7778.0,36165.0,23975.0,60140.0,188186.0,55935.0,244121.0,318999.0,1779264.0,2108572.0
"Claremont-Lebanon, NH-VT Micro Area",,,,,,,,,,,,,,
"Clarksburg, WV Micro Area",,,,,,,,,,,,,,
"Clarksville, TN-KY",2118.0,1920.0,1790.0,847.0,2637.0,10983.0,5752.0,16735.0,13821.0,20676.0,34497.0,55789.0,209706.0,267613.0
"Clearlake, CA Micro Area",,,,,,,,,,,,,,
"Cleveland, TN",229.0,585.0,677.0,678.0,1355.0,3372.0,2042.0,5414.0,5443.0,7365.0,12808.0,20162.0,98661.0,119052.0
"Cleveland-Elyria, OH",7371.0,2310.0,3910.0,2325.0,6235.0,22821.0,16373.0,39194.0,140414.0,76344.0,216758.0,264497.0,1769609.0,2041477.0
"Coeur d'Alene, ID",318.0,524.0,964.0,665.0,1629.0,3330.0,1544.0,4874.0,6156.0,5208.0,11364.0,18391.0,123080.0,141789.0
"College Station-Bryan, TX",2679.0,2093.0,1369.0,2200.0,3569.0,12609.0,9880.0,22489.0,4088.0,28679.0,32767.0,60918.0,172008.0,235605.0
"Colorado Springs, CO",9211.0,2161.0,2871.0,3379.0,6250.0,22932.0,23296.0,46228.0,19292.0,65395.0,84687.0,139326.0,521083.0,669620.0
"Columbia, MO",1361.0,2580.0,688.0,720.0,1408.0,8658.0,4990.0,13648.0,2964.0,22749.0,25713.0,43349.0,123821.0,168531.0
"Columbia, SC",4425.0,2433.0,2695.0,1866.0,4561.0,26210.0,16969.0,43179.0,58296.0,26393.0,84689.0,134862.0,645776.0,785063.0
"Columbus, GA-AL",3786.0,2868.0,1433.0,1307.0,2740.0,12773.0,9823.0,22596.0,11660.0,30103.0,41763.0,69967.0,235845.0,309598.0
"Columbus, IN",979.0,69.0,155.0,354.0,509.0,1277.0,1486.0,2763.0,1381.0,3403.0,4784.0,8125.0,69554.0,78658.0
"Columbus, OH",11851.0,3284.0,7661.0,6969.0,14630.0,33336.0,22106.0,55442.0,103901.0,133195.0,237096.0,310452.0,1618530.0,1940833.0
"Concord, NH Micro Area",,,,,,,,,,,,,,
"Cookeville, TN Micro Area",,,,,,,,,,,,,,
"Coos Bay, OR Micro Area",,,,,,,,,,,,,,
"Corning, NY Micro Area",,,,,,,,,,,,,,
"Corpus Christi, TX",2014.0,1929.0,1726.0,1624.0,3350.0,10724.0,11526.0,22250.0,15850.0,42811.0,58661.0,86190.0,350129.0,438333.0
"Corvallis, OR",1421.0,260.0,1497.0,169.0,1666.0,5472.0,3309.0,8781.0,1178.0,8035.0,9213.0,19920.0,64644.0,85985.0
"Crestview-Fort Walton Beach-Destin, FL",1700.0,829.0,697.0,349.0,1046.0,13004.0,5699.0,18703.0,11952.0,6986.0,18938.0,39516.0,209556.0,250772.0
"Cullman, AL Micro Area",,,,,,,,,,,,,,
"Des Moines-West Des Moines, IA",2693.0,4736.0,2953.0,4182.0,7135.0,6482.0,11529.0,18011.0,28290.0,43803.0,72093.0,101975.0,485899.0,590567.0
"Detroit-Warren-Dearborn, MI",25349.0,6626.0,3347.0,3510.0,6857.0,39800.0,33158.0,72958.0,280886.0,197573.0,478459.0,564900.0,3654785.0,4245034.0
"Cumberland, MD-WV",478.0,154.0,168.0,47.0,215.0,2371.0,447.0,2818.0,3482.0,2174.0,5656.0,8843.0,90873.0,100194.0
"Dallas-Fort Worth-Arlington, TX",46076.0,15275.0,11308.0,13248.0,24556.0,80760.0,103372.0,184132.0,401914.0,484109.0,886023.0,1109986.0,5566264.0,6722326.0
"Dalton, GA",312.0,44.0,294.0,6.0,300.0,936.0,2627.0,3563.0,10167.0,5055.0,15222.0,19129.0,120491.0,139932.0
"Danville, IL",201.0,399.0,11.0,169.0,180.0,1249.0,1432.0,2681.0,4716.0,2106.0,6822.0,10082.0,68973.0,79256.0
"Danville, VA Micro Area",,,,,,,,,,,,,,
"Daphne-Fairhope-Foley, AL",1438.0,1564.0,670.0,1042.0,1712.0,6310.0,2584.0,8894.0,8784.0,10254.0,19038.0,31208.0,160855.0,193501.0
"Davenport-Moline-Rock Island, IA-IL",1834.0,544.0,1929.0,1180.0,3109.0,3678.0,4121.0,7799.0,13161.0,18375.0,31536.0,42988.0,334633.0,379455.0
"Dayton, OH",3485.0,1777.0,1786.0,2129.0,3915.0,15142.0,12515.0,27657.0,77200.0,31544.0,108744.0,142093.0,647986.0,793564.0
"Decatur, AL",249.0,457.0,396.0,564.0,960.0,3033.0,2541.0,5574.0,8854.0,5010.0,13864.0,20855.0,129732.0,150836.0
"Decatur, IL",106.0,236.0,1225.0,497.0,1722.0,2327.0,1417.0,3744.0,1960.0,10956.0,12916.0,18618.0,89513.0,108237.0
"Deltona-Daytona Beach-Ormond Beach, FL",3300.0,2125.0,948.0,229.0,1177.0,21929.0,11509.0,33438.0,27904.0,14830.0,42734.0,79474.0,513893.0,596667.0
"Denver-Aurora-Lakewood, CO",13971.0,6387.0,6179.0,6429.0,12608.0,47825.0,51181.0,99006.0,162185.0,184935.0,347120.0,465121.0,2185033.0,2664125.0
"Dothan, AL",137.0,785.0,690.0,1021.0,1711.0,1801.0,998.0,2799.0,7428.0,5959.0,13387.0,18682.0,126679.0,145498.0
"Dover, DE",515.0,246.0,355.0,297.0,652.0,6310.0,1989.0,8299.0,7802.0,4594.0,12396.0,21593.0,145169.0,167277.0
"DuBois, PA Micro Area",,,,,,,,,,,,,,
"Dubuque, IA",387.0,906.0,36.0,420.0,456.0,1815.0,1939.0,3754.0,2486.0,7105.0,9591.0,14707.0,79457.0,94551.0
"Duluth, MN-WI",463.0,1538.0,198.0,743.0,941.0,6861.0,3029.0,9890.0,16446.0,12553.0,28999.0,41368.0,235087.0,276918.0
"Dunn, NC Micro Area",,,,,,,,,,,,,,
"Durham-Chapel Hill, NC",7662.0,965.0,2337.0,1638.0,3975.0,18168.0,18639.0,36807.0,15360.0,44498.0,59858.0,101605.0,419005.0,528272.0
"East Stroudsburg, PA",258.0,64.0,24.0,0.0,24.0,4885.0,3073.0,7958.0,6022.0,1689.0,7711.0,15757.0,150359.0,166374.0
"Eau Claire, WI",194.0,2466.0,1172.0,497.0,1669.0,3024.0,1895.0,4919.0,5628.0,11899.0,17527.0,26581.0,135983.0,162758.0
"El Centro, CA",1790.0,0.0,0.0,6.0,6.0,1542.0,933.0,2475.0,14608.0,7627.0,22235.0,24716.0,147102.0,173608.0
"Elmira, NY",226.0,582.0,606.0,470.0,1076.0,1279.0,945.0,2224.0,4583.0,4208.0,8791.0,12673.0,74735.0,87634.0
"El Paso, TX",11069.0,501.0,1009.0,720.0,1729.0,14551.0,11081.0,25632.0,12572.0,63144.0,75716.0,103578.0,705469.0,820116.0
"Erie, PA",805.0,656.0,4045.0,365.0,4410.0,5011.0,3108.0,8119.0,15347.0,14852.0,30199.0,43384.0,233962.0,278151.0
"Eugene, OR",1825.0,361.0,1757.0,1124.0,2881.0,11490.0,7992.0,19482.0,22845.0,28735.0,51580.0,74304.0,276481.0,352610.0
"Eureka-Arcata-Fortuna, CA Micro Area",,,,,,,,,,,,,,
"Evansville, IN-KY",659.0,2200.0,1036.0,1438.0,2474.0,5318.0,2390.0,7708.0,10865.0,15572.0,26437.0,38819.0,271262.0,310740.0
"Fairbanks, AK",2160.0,1910.0,52.0,458.0,510.0,4854.0,3418.0,8272.0,4102.0,6935.0,11037.0,21729.0,74983.0,98872.0
"Elizabeth City, NC Micro Area",,,,,,,,,,,,,,
"Elizabethtown-Fort Knox, KY",1073.0,1913.0,1675.0,650.0,2325.0,9062.0,3072.0,12134.0,14089.0,5295.0,19384.0,35756.0,112476.0,149305.0
"Elkhart-Goshen, IN",600.0,283.0,714.0,228.0,942.0,1590.0,3310.0,4900.0,7914.0,9818.0,17732.0,23857.0,172988.0,197445.0
"Fargo, ND-MN",1367.0,4156.0,1182.0,462.0,1644.0,6408.0,4496.0,10904.0,7439.0,17217.0,24656.0,41360.0,178074.0,220801.0
"Faribault-Northfield, MN Micro Area",,,,,,,,,,,,,,
"Farmington, MO Micro Area",,,,,,,,,,,,,,
"Farmington, NM",941.0,86.0,301.0,336.0,637.0,1939.0,1417.0,3356.0,4021.0,1952.0,5973.0,10052.0,113770.0,124763.0
"Fayetteville, NC",5018.0,1411.0,3880.0,1308.0,5188.0,10979.0,9252.0,20231.0,14267.0,28272.0,42539.0,69369.0,296597.0,370984.0
"Fayetteville-Springdale-Rogers, AR-MO",3804.0,4225.0,2059.0,3642.0,5701.0,9940.0,8466.0,18406.0,18131.0,39161.0,57292.0,85624.0,396996.0,486424.0
"Findlay, OH Micro Area",,,,,,,,,,,,,,
"Flagstaff, AZ",522.0,511.0,331.0,127.0,458.0,6457.0,6173.0,12630.0,2050.0,12633.0,14683.0,28282.0,106362.0,135166.0
"Flint, MI",716.0,756.0,700.0,257.0,957.0,9708.0,6171.0,15879.0,25499.0,19201.0,44700.0,62292.0,348171.0,411179.0
"Florence, SC",266.0,1368.0,101.0,675.0,776.0,2673.0,2076.0,4749.0,14905.0,4708.0,19613.0,26506.0,177212.0,203984.0
"Florence-Muscle Shoals, AL",420.0,1863.0,438.0,481.0,919.0,2749.0,600.0,3349.0,5585.0,6707.0,12292.0,18423.0,127452.0,146295.0
"Fond du Lac, WI",914.0,298.0,630.0,189.0,819.0,1726.0,716.0,2442.0,2078.0,5974.0,8052.0,11611.0,88758.0,101283.0
"Forest City, NC Micro Area",,,,,,,,,,,,,,
"Fort Collins, CO",2307.0,1181.0,1046.0,1186.0,2232.0,12809.0,10390.0,23199.0,14641.0,28966.0,43607.0,70219.0,240173.0,312699.0
"Fort Smith, AR-OK",233.0,2495.0,999.0,380.0,1379.0,2151.0,3305.0,5456.0,19057.0,9110.0,28167.0,37497.0,239605.0,277335.0
"Fort Wayne, IN",641.0,747.0,3659.0,2219.0,5878.0,3789.0,4063.0,7852.0,13809.0,35313.0,49122.0,63599.0,354686.0,418926.0
"Frankfort, KY Micro Area",,,,,,,,,,,,,,
"Fresno, CA",4883.0,1006.0,203.0,556.0,759.0,13775.0,12292.0,26067.0,48077.0,73206.0,121283.0,149115.0,787764.0,941762.0
"Gadsden, AL",378.0,1244.0,616.0,54.0,670.0,2405.0,777.0,3182.0,6168.0,3855.0,10023.0,15119.0,87808.0,103305.0
"Gainesville, FL",2788.0,528.0,1487.0,1193.0,2680.0,14062.0,9260.0,23322.0,10779.0,24846.0,35625.0,62155.0,205060.0,270003.0
"Gainesville, GA",865.0,684.0,303.0,787.0,1090.0,6012.0,2933.0,8945.0,9821.0,7774.0,17595.0,28314.0,155761.0,184940.0
"Gallup, NM Micro Area",,,,,,,,,,,,,,
"Gettysburg, PA",123.0,9.0,191.0,0.0,191.0,2710.0,1251.0,3961.0,6782.0,2040.0,8822.0,12983.0,87762.0,100868.0
"Glenwood Springs, CO Micro Area",,,,,,,,,,,,,,
"Goldsboro, NC",349.0,555.0,1138.0,927.0,2065.0,3168.0,1870.0,5038.0,3911.0,9379.0,13290.0,20948.0,101367.0,122664.0
"Grand Forks, ND-MN",934.0,2960.0,302.0,1600.0,1902.0,3174.0,2194.0,5368.0,2271.0,5739.0,8010.0,18240.0,79887.0,99061.0
"Grand Island, NE",822.0,278.0,70.0,256.0,326.0,941.0,1754.0,2695.0,2790.0,5309.0,8099.0,11398.0,71036.0,83256.0
"Grand Junction, CO",486.0,2208.0,639.0,1428.0,2067.0,4668.0,2262.0,6930.0,8609.0,14108.0,22717.0,33922.0,111412.0,145820.0
"Grand Rapids-Wyoming, MI",5076.0,4228.0,8037.0,3564.0,11601.0,21513.0,11981.0,33494.0,71499.0,45026.0,116525.0,165848.0,830120.0,1001044.0
"Grants Pass, OR",119.0,932.0,284.0,18.0,302.0,1998.0,2483.0,4481.0,1574.0,5182.0,6756.0,12471.0,70030.0,82620.0
"Great Falls, MT",776.0,1919.0,239.0,120.0,359.0,1814.0,1640.0,3454.0,1001.0,8069.0,9070.0,14802.0,65667.0,81245.0
"Greeley, CO",1164.0,1559.0,1181.0,2264.0,3445.0,11280.0,9537.0,20817.0,13415.0,13964.0,27379.0,53200.0,211340.0,265704.0
"Green Bay, WI",998.0,401.0,727.0,862.0,1589.0,3430.0,5726.0,9156.0,17999.0,15460.0,33459.0,44605.0,263812.0,309415.0
"Greeneville, TN Micro Area",,,,,,,,,,,,,,
"Greenfield Town, MA Micro Area",,,,,,,,,,,,,,
"Greensboro-High Point, NC",2294.0,1930.0,2095.0,752.0,2847.0,13568.0,11025.0,24593.0,22480.0,38062.0,60542.0,89912.0,639846.0,732052.0
"Greenville, NC",508.0,370.0,2276.0,742.0,3018.0,8993.0,3577.0,12570.0,5969.0,14834.0,20803.0,36761.0,134926.0,172195.0
"Greenville-Anderson-Mauldin, SC",3651.0,708.0,3901.0,1481.0,5382.0,21330.0,12144.0,33474.0,61451.0,16914.0,78365.0,117929.0,718894.0,840474.0
"Greenwood, SC Micro Area",,,,,,,,,,,,,,
"Glens Falls, NY",210.0,1291.0,606.0,743.0,1349.0,3789.0,925.0,4714.0,8544.0,505.0,9049.0,16403.0,111122.0,127735.0
"Hilo, HI Micro Area",,,,,,,,,,,,,,
"Hilton Head Island-Bluffton-Beaufort, SC",962.0,966.0,1431.0,730.0,2161.0,10393.0,5950.0,16343.0,8683.0,8447.0,17130.0,36600.0,158816.0,196378.0
"Hinesville, GA",2141.0,85.0,538.0,330.0,868.0,5170.0,3420.0,8590.0,6368.0,3102.0,9470.0,19013.0,58724.0,79878.0
"Guayama, PR",,,,,,,,,,,,,,
"Gulfport-Biloxi-Pascagoula, MS",1493.0,2877.0,1683.0,1490.0,3173.0,7008.0,11044.0,18052.0,25980.0,23395.0,49375.0,73477.0,303511.0,378481.0
"Hagerstown-Martinsburg, MD-WV",278.0,702.0,245.0,382.0,627.0,8136.0,2523.0,10659.0,17968.0,7997.0,25965.0,37953.0,218000.0,256231.0
"Hammond, LA",197.0,222.0,229.0,0.0,229.0,5069.0,4656.0,9725.0,6917.0,2489.0,9406.0,19582.0,103970.0,123749.0
"Hanford-Corcoran, CA",2482.0,38.0,179.0,505.0,684.0,7581.0,5000.0,12581.0,7662.0,6597.0,14259.0,27562.0,119634.0,149678.0
"Harrisburg-Carlisle, PA",2602.0,795.0,918.0,238.0,1156.0,15345.0,6943.0,22288.0,35890.0,12213.0,48103.0,72342.0,476456.0,551400.0
"Harrisonburg, VA",527.0,1914.0,171.0,0.0,171.0,8645.0,2481.0,11126.0,9519.0,5770.0,15289.0,28500.0,99162.0,128189.0
"Hartford-West Hartford-East Hartford, CT",5742.0,568.0,2024.0,1019.0,3043.0,24678.0,13844.0,38522.0,67270.0,34618.0,101888.0,144021.0,1053573.0,1203336.0
"Hattiesburg, MS",820.0,3131.0,1414.0,395.0,1809.0,5423.0,1017.0,6440.0,10231.0,6139.0,16370.0,27750.0,118559.0,147129.0
"Helena, MT Micro Area",,,,,,,,,,,,,,
"Hermiston-Pendleton, OR Micro Area",,,,,,,,,,,,,,
"Hickory-Lenoir-Morganton, NC",426.0,1166.0,1523.0,765.0,2288.0,3574.0,3471.0,7045.0,22643.0,12104.0,34747.0,45246.0,314824.0,360496.0
"Hobbs, NM Micro Area",,,,,,,,,,,,,,
"Holland, MI Micro Area",,,,,,,,,,,,,,
"Homosassa Springs, FL",,,,,,,,,,,,,,
"Hot Springs, AR",95.0,184.0,579.0,309.0,888.0,1475.0,2782.0,4257.0,3673.0,4514.0,8187.0,13516.0,82618.0,96229.0
"Houma-Thibodaux, LA",598.0,557.0,122.0,327.0,449.0,3537.0,1874.0,5411.0,13983.0,7772.0,21755.0,28172.0,178976.0,207746.0
"Houston-The Woodlands-Sugar Land, TX",55360.0,13005.0,5196.0,13964.0,19160.0,78194.0,93912.0,172106.0,350783.0,418547.0,769330.0,973601.0,5191464.0,6220425.0
"Huntington-Ashland, WV-KY-OH",632.0,1459.0,1209.0,436.0,1645.0,6271.0,2859.0,9130.0,27492.0,11237.0,38729.0,50963.0,309130.0,360725.0
"Huntsville, AL",1199.0,2332.0,1308.0,1064.0,2372.0,10231.0,7000.0,17231.0,15991.0,24724.0,40715.0,62650.0,366780.0,430629.0
"Huntsville, TX Micro Area",,,,,,,,,,,,,,
"Hutchinson, KS Micro Area",,,,,,,,,,,,,,
"Idaho Falls, ID",470.0,240.0,1109.0,428.0,1537.0,1310.0,1946.0,3256.0,8319.0,5289.0,13608.0,18641.0,116117.0,135228.0
"Indiana, PA Micro Area",,,,,,,,,,,,,,
"Indianapolis-Carmel-Anderson, IN",9498.0,2017.0,3301.0,3907.0,7208.0,26899.0,27583.0,54482.0,90121.0,142795.0,232916.0,296623.0,1624325.0,1930446.0
"Iowa City, IA",1218.0,1427.0,1714.0,916.0,2630.0,5720.0,5524.0,11244.0,5121.0,16308.0,21429.0,36730.0,121818.0,159766.0
