NAME,B07201_014E,B07201_013E,B07201_012E,B07201_011E,B07201_010E,B07201_009E,B07201_008E,B07201_007E,B07201_006E,B07201_005E,B07201_004E,B07201_003E,B07201_002E,B07201_001E
"Hickory-Lenoir-Morganton, NC",365.0,626.0,894.0,1013.0,1907.0,6036.0,2847.0,8883.0,23734.0,7568.0,31302.0,42718.0,316999.0,360082.0
"Hobbs, NM Micro Area",,,,,,,,,,,,,,
"Holland, MI Micro Area",,,,,,,,,,,,,,
"Homosassa Springs, FL",680.0,809.0,231.0,137.0,368.0,4404.0,1292.0,5696.0,14462.0,611.0,15073.0,21946.0,116094.0,138720.0
"Hot Springs, AR",65.0,484.0,693.0,459.0,1152.0,1849.0,2275.0,4124.0,4854.0,6075.0,10929.0,16689.0,79881.0,96635.0
"Houma-Thibodaux, LA",346.0,1091.0,255.0,1034.0,1289.0,1286.0,1066.0,2352.0,13973.0,6333.0,20306.0,25038.0,183810.0,209194.0
"Houston-The Woodlands-Sugar Land, TX",70563.0,14052.0,8449.0,11130.0,19579.0,89675.0,93172.0,182847.0,333651.0,414929.0,748580.0,965058.0,5369922.0,6405543.0
"Huntington-Ashland, WV-KY-OH",262.0,2857.0,1618.0,1540.0,3158.0,4836.0,3459.0,8295.0,16740.0,10864.0,27604.0,41914.0,316672.0,358848.0
"Huntsville, AL",1252.0,1209.0,1203.0,715.0,1918.0,7648.0,7375.0,15023.0,21130.0,24752.0,45882.0,64032.0,370333.0,435617.0
"Huntsville, TX Micro Area",,,,,,,,,,,,,,
"Hutchinson, KS Micro Area",,,,,,,,,,,,,,
"Idaho Falls, ID",740.0,406.0,1023.0,1150.0,2173.0,3418.0,2152.0,5570.0,5549.0,7823.0,13372.0,21521.0,114830.0,137091.0
"Indiana, PA Micro Area",,,,,,,,,,,,,,
"Indianapolis-Carmel-Anderson, IN",6450.0,4836.0,4474.0,4266.0,8740.0,22375.0,28877.0,51252.0,91884.0,138676.0,230560.0,295388.0,1646398.0,1948236.0
"Iowa City, IA",2474.0,1398.0,515.0,1205.0,1720.0,4678.0,5451.0,10129.0,6860.0,12905.0,19765.0,33012.0,126535.0,162021.0
"Ithaca, NY",1964.0,587.0,826.0,341.0,1167.0,7560.0,3122.0,10682.0,7620.0,5103.0,12723.0,25159.0,75966.0,103089.0
"Jackson, MI",607.0,325.0,883.0,482.0,1365.0,3940.0,2202.0,6142.0,8653.0,4847.0,13500.0,21332.0,136151.0,158090.0
"Jackson, MS",2304.0,3614.0,1758.0,3201.0,4959.0,6543.0,8504.0,15047.0,32118.0,24195.0,56313.0,79933.0,485990.0,568227.0
"Jackson, TN",244.0,1459.0,232.0,22.0,254.0,1992.0,1366.0,3358.0,3414.0,8909.0,12323.0,17394.0,110716.0,128354.0
"Jacksonville, FL",7674.0,3702.0,2327.0,3837.0,6164.0,38044.0,28409.0,66453.0,53089.0,133280.0,186369.0,262688.0,1131260.0,1401622.0
"Jacksonville, NC",2535.0,1396.0,956.0,715.0,1671.0,14162.0,7978.0,22140.0,11379.0,13444.0,24823.0,50030.0,131854.0,184419.0
"Jamestown-Dunkirk-Fredonia, NY Micro Area",,,,,,,,,,,,,,
"Janesville-Beloit, WI",157.0,712.0,760.0,694.0,1454.0,3173.0,1209.0,4382.0,4608.0,11949.0,16557.0,23105.0,136004.0,159266.0
"Jefferson City, MO",433.0,2187.0,528.0,1353.0,1881.0,2665.0,2678.0,5343.0,8107.0,4628.0,12735.0,22146.0,125315.0,147894.0
"Johnson City, TN",238.0,859.0,1237.0,237.0,1474.0,3850.0,2369.0,6219.0,8039.0,8315.0,16354.0,24906.0,174461.0,199605.0
"Johnstown, PA",234.0,668.0,625.0,156.0,781.0,3316.0,2417.0,5733.0,9567.0,1904.0,11471.0,18653.0,117611.0,136498.0
"Jonesboro, AR",251.0,1636.0,1933.0,800.0,2733.0,2560.0,1262.0,3822.0,5346.0,16974.0,22320.0,30511.0,94384.0,125146.0
"Joplin, MO",168.0,1096.0,659.0,372.0,1031.0,1596.0,1799.0,3395.0,8545.0,6351.0,14896.0,20418.0,153973.0,174559.0
"Kahului-Wailuku-Lahaina, HI",1048.0,38.0,429.0,105.0,534.0,3171.0,2899.0,6070.0,6748.0,7705.0,14453.0,21095.0,139212.0,161355.0
"Aberdeen, WA Micro Area",,,,,,,,,,,,,,
"Abilene, TX",1814.0,2600.0,1001.0,1265.0,2266.0,4819.0,6381.0,11200.0,4864.0,18839.0,23703.0,39769.0,123307.0,164890.0
"Adrian, MI Micro Area",,,,,,,,,,,,,,
"Aguadilla-Isabela, PR",,,,,,,,,,,,,,
"Akron, OH",1625.0,385.0,1635.0,918.0,2553.0,18755.0,8025.0,26780.0,37703.0,20445.0,58148.0,87866.0,607990.0,697481.0
"Alamogordo, NM Micro Area",,,,,,,,,,,,,,
"Albany, GA",338.0,777.0,376.0,1116.0,1492.0,3619.0,1477.0,5096.0,5758.0,10675.0,16433.0,23798.0,126819.0,150955.0
"Albany, OR",239.0,220.0,488.0,210.0,698.0,2379.0,4745.0,7124.0,5435.0,3654.0,9089.0,17131.0,100151.0,117521.0
"Albany-Schenectady-Troy, NY",4172.0,1476.0,2235.0,1567.0,3802.0,14957.0,9670.0,24627.0,53649.0,25219.0,78868.0,108773.0,759020.0,871965.0
"Albertville, AL Micro Area",,,,,,,,,,,,,,
"Albuquerque, NM",2017.0,1451.0,6163.0,3971.0,10134.0,9775.0,17805.0,27580.0,27374.0,59324.0,86698.0,125863.0,766427.0,894307.0
"Alexandria, LA",119.0,630.0,2096.0,98.0,2194.0,1164.0,1558.0,2722.0,4632.0,3622.0,8254.0,13800.0,138931.0,152850.0
"Allentown-Bethlehem-Easton, PA-NJ",4808.0,493.0,791.0,153.0,944.0,17058.0,9305.0,26363.0,36099.0,26875.0,62974.0,90774.0,725282.0,820864.0
"Altoona, PA",52.0,1086.0,500.0,0.0,500.0,924.0,879.0,1803.0,5790.0,4342.0,10132.0,13521.0,111398.0,124971.0
"Amarillo, TX",1638.0,4149.0,578.0,2215.0,2793.0,5304.0,2504.0,7808.0,3724.0,23956.0,27680.0,42430.0,213786.0,257854.0
"Ames, IA",1710.0,4183.0,847.0,1070.0,1917.0,6042.0,2770.0,8812.0,2319.0,13165.0,15484.0,30396.0,60806.0,92912.0
"Anchorage, AK",2117.0,6078.0,1778.0,2168.0,3946.0,6593.0,8900.0,15493.0,9695.0,35788.0,45483.0,71000.0,319395.0,392512.0
"Ann Arbor, MI",7173.0,1109.0,1034.0,953.0,1987.0,17784.0,13983.0,31767.0,22208.0,20111.0,42319.0,77182.0,268250.0,352605.0
"Anniston-Oxford-Jacksonville, AL",0.0,1403.0,802.0,1383.0,2185.0,3553.0,2122.0,5675.0,4615.0,6986.0,11601.0,20864.0,93368.0,114232.0
"Appleton, WI",659.0,844.0,1047.0,596.0,1643.0,4320.0,4279.0,8599.0,8291.0,4256.0,12547.0,23633.0,204557.0,228849.0
"Arecibo, PR",,,,,,,,,,,,,,
"Asheville, NC",876.0,2299.0,3247.0,476.0,3723.0,12486.0,8779.0,21265.0,26986.0,11946.0,38932.0,66219.0,372137.0,439232.0
"Ashtabula, OH Micro Area",,,,,,,,,,,,,,
"Athens, TX Micro Area",,,,,,,,,,,,,,
"Athens-Clarke County, GA",963.0,1714.0,712.0,278.0,990.0,14359.0,4917.0,19276.0,2456.0,18702.0,21158.0,43138.0,150377.0,194478.0
"Atlanta-Sandy Springs-Roswell, GA",32948.0,14083.0,11551.0,9544.0,21095.0,78788.0,84648.0,163436.0,485619.0,137931.0,623550.0,822164.0,4686276.0,5541388.0
"Atlantic City-Hammonton, NJ",132.0,0.0,0.0,240.0,240.0,8351.0,2073.0,10424.0,14952.0,5926.0,20878.0,31542.0,241168.0,272842.0
"Auburn, NY Micro Area",,,,,,,,,,,,,,
"Auburn-Opelika, AL",864.0,2595.0,433.0,819.0,1252.0,5166.0,6050.0,11216.0,4979.0,14468.0,19447.0,34510.0,117536.0,152910.0
"Augusta-Richmond County, GA-SC",4821.0,3800.0,1527.0,714.0,2241.0,13302.0,6564.0,19866.0,33989.0,18599.0,52588.0,78495.0,491821.0,575137.0
"Augusta-Waterville, ME Micro Area",,,,,,,,,,,,,,
"Austin-Round Rock, TX",17672.0,4849.0,3788.0,5987.0,9775.0,43908.0,60256.0,104164.0,81025.0,167930.0,248955.0,367743.0,1533882.0,1919297.0
"Bakersfield, CA",4605.0,1859.0,1172.0,1118.0,2290.0,17519.0,19110.0,36629.0,47241.0,49380.0,96621.0,137399.0,720978.0,862982.0
"Baltimore-Columbia-Towson, MD",17958.0,1784.0,2136.0,1228.0,3364.0,55245.0,31426.0,86671.0,160192.0,102497.0,262689.0,354508.0,2383587.0,2756053.0
"Bangor, ME",272.0,3544.0,570.0,581.0,1151.0,4268.0,2486.0,6754.0,8707.0,3137.0,11844.0,23293.0,128787.0,152352.0
"Barnstable Town, MA",1440.0,34.0,216.0,0.0,216.0,5397.0,1639.0,7036.0,8894.0,2743.0,11637.0,18923.0,192875.0,213238.0
"Baton Rouge, LA",3249.0,1882.0,2513.0,763.0,3276.0,20700.0,13496.0,34196.0,57491.0,28013.0,85504.0,124858.0,689613.0,817720.0
"Battle Creek, MI",356.0,26.0,200.0,878.0,1078.0,4186.0,2393.0,6579.0,10540.0,5926.0,16466.0,24149.0,108353.0,132858.0
"Blacksburg-Christiansburg-Radford, VA",1854.0,1998.0,226.0,83.0,309.0,10721.0,5399.0,16120.0,6106.0,12902.0,19008.0,37435.0,140154.0,179443.0
"Bay City, MI",208.0,923.0,205.0,27.0,232.0,1470.0,1703.0,3173.0,3275.0,5763.0,9038.0,13366.0,91757.0,105331.0
"Beaumont-Port Arthur, TX",417.0,3056.0,786.0,1084.0,1870.0,9791.0,6300.0,16091.0,21481.0,15393.0,36874.0,57891.0,340975.0,399283.0
"Beaver Dam, WI Micro Area",,,,,,,,,,,,,,
"Beckley, WV",268.0,1138.0,258.0,49.0,307.0,1385.0,958.0,2343.0,4678.0,1446.0,6124.0,9912.0,111783.0,121963.0
"Bellingham, WA",1704.0,225.0,485.0,123.0,608.0,6095.0,4088.0,10183.0,8821.0,13527.0,22348.0,33364.0,170942.0,206010.0
"Bend-Redmond, OR",213.0,1241.0,247.0,417.0,664.0,3912.0,3477.0,7389.0,3962.0,13266.0,17228.0,26522.0,141330.0,168065.0
"Billings, MT",45.0,2309.0,359.0,863.0,1222.0,1970.0,1894.0,3864.0,4980.0,10665.0,15645.0,23040.0,142801.0,165886.0
"Binghamton, NY",1354.0,2799.0,843.0,485.0,1328.0,5341.0,4233.0,9574.0,14792.0,8147.0,22939.0,36640.0,206648.0,244642.0
"Birmingham-Hoover, AL",3236.0,2628.0,2885.0,1992.0,4877.0,17463.0,17657.0,35120.0,79187.0,48866.0,128053.0,170678.0,954665.0,1128579.0
"Bismarck, ND",78.0,2549.0,354.0,1349.0,1703.0,1892.0,2186.0,4078.0,4457.0,5575.0,10032.0,18362.0,106277.0,124717.0
"Bloomington, IL",1286.0,822.0,1021.0,215.0,1236.0,8223.0,2803.0,11026.0,10978.0,8835.0,19813.0,32897.0,153031.0,187214.0
"Bloomington, IN",5065.0,427.0,1094.0,1240.0,2334.0,12676.0,7031.0,19707.0,7148.0,16139.0,23287.0,45755.0,111764.0,162584.0
"Bloomsburg-Berwick, PA",86.0,232.0,1413.0,130.0,1543.0,3093.0,741.0,3834.0,2766.0,2427.0,5193.0,10802.0,74061.0,84949.0
"Bluefield, WV-VA Micro Area",,,,,,,,,,,,,,
"Boise City, ID",2378.0,3314.0,5428.0,2281.0,7709.0,9659.0,11412.0,21071.0,40587.0,37069.0,77656.0,109750.0,546577.0,658705.0
"Boston-Cambridge-Newton, MA-NH",56888.0,2110.0,5727.0,2492.0,8219.0,80347.0,55725.0,136072.0,307211.0,128445.0,435656.0,582057.0,4041279.0,4680224.0
"Boulder, CO",3924.0,609.0,1820.0,529.0,2349.0,17755.0,14718.0,32473.0,16183.0,17253.0,33436.0,68867.0,237284.0,310075.0
"Bowling Green, KY",641.0,1978.0,1483.0,521.0,2004.0,5621.0,3631.0,9252.0,10133.0,11697.0,21830.0,35064.0,127757.0,163462.0
"Bozeman, MT Micro Area",,,,,,,,,,,,,,
"Brainerd, MN Micro Area",,,,,,,,,,,,,,
"Branson, MO Micro Area",,,,,,,,,,,,,,
"Bremerton-Silverdale, WA",3974.0,746.0,1513.0,1083.0,2596.0,10976.0,8406.0,19382.0,16984.0,13412.0,30396.0,53120.0,194419.0,251513.0
"Bridgeport-Stamford-Norwalk, CT",12249.0,41.0,1730.0,718.0,2448.0,19077.0,11834.0,30911.0,22557.0,44072.0,66629.0,100029.0,823068.0,935346.0
"Brunswick, GA",74.0,239.0,389.0,1539.0,1928.0,4065.0,1716.0,5781.0,8232.0,4600.0,12832.0,20780.0,90373.0,111227.0
"Buffalo-Cheektowaga-Niagara Falls, NY",5595.0,1139.0,1850.0,1154.0,3004.0,11432.0,10373.0,21805.0,50813.0,45234.0,96047.0,121995.0,995671.0,1123261.0
"Burlington, NC",341.0,257.0,7.0,169.0,176.0,4610.0,3927.0,8537.0,5756.0,6037.0,11793.0,20763.0,133323.0,154427.0
"Burlington-South Burlington, VT",864.0,2512.0,1017.0,255.0,1272.0,5356.0,2423.0,7779.0,13026.0,10306.0,23332.0,34895.0,177869.0,213628.0
"California-Lexington Park, MD",1209.0,214.0,0.0,382.0,382.0,4397.0,2959.0,7356.0,4582.0,4771.0,9353.0,17305.0,90646.0,109160.0
"Canton-Massillon, OH",529.0,369.0,2747.0,2267.0,5014.0,6422.0,3377.0,9799.0,19049.0,16650.0,35699.0,50881.0,347822.0,399232.0
"Cape Coral-Fort Myers, FL",5194.0,1675.0,890.0,638.0,1528.0,25468.0,12713.0,38181.0,43173.0,26509.0,69682.0,111066.0,555803.0,672063.0
"Cape Girardeau, MO-IL",347.0,887.0,1134.0,332.0,1466.0,1722.0,1607.0,3329.0,5677.0,4992.0,10669.0,16351.0,79782.0,96480.0
"Carbondale-Marion, IL",198.0,2205.0,429.0,276.0,705.0,4494.0,2928.0,7422.0,6140.0,6370.0,12510.0,22842.0,102500.0,125540.0
"Carson City, NV",0.0,550.0,2884.0,427.0,3311.0,3771.0,1349.0,5120.0,0.0,4226.0,4226.0,13207.0,40965.0,54172.0
"Casper, WY",159.0,719.0,573.0,545.0,1118.0,1173.0,837.0,2010.0,2216.0,6561.0,8777.0,12624.0,68040.0,80823.0
"Cedar Rapids, IA",1462.0,1815.0,745.0,356.0,1101.0,2894.0,4402.0,7296.0,9212.0,12841.0,22053.0,32265.0,226694.0,260421.0
"Centralia, WA Micro Area",,,,,,,,,,,,,,
"Chambersburg-Waynesboro, PA",344.0,292.0,772.0,0.0,772.0,2187.0,2725.0,4912.0,5728.0,3342.0,9070.0,15046.0,135170.0,150560.0
"Champaign-Urbana, IL",3486.0,1722.0,126.0,936.0,1062.0,14991.0,10382.0,25373.0,8327.0,20295.0,28622.0,56779.0,175763.0,236028.0
"Charleston, WV",424.0,1274.0,675.0,413.0,1088.0,2282.0,3869.0,6151.0,18133.0,4431.0,22564.0,31077.0,189267.0,220768.0
"Charleston-Mattoon, IL Micro Area",,,,,,,,,,,,,,
"Charleston-North Charleston, SC",1750.0,2745.0,2074.0,2916.0,4990.0,21622.0,17273.0,38895.0,51311.0,31157.0,82468.0,129098.0,589255.0,720103.0
"Charlotte-Concord-Gastonia, NC-SC",9596.0,3106.0,6835.0,5731.0,12566.0,54703.0,36924.0,91627.0,102208.0,152752.0,254960.0,362259.0,1979276.0,2351131.0
"Charlottesville, VA",1565.0,2408.0,265.0,97.0,362.0,10182.0,5886.0,16068.0,17050.0,6301.0,23351.0,42189.0,181982.0,225736.0
"Chattanooga, TN-GA",628.0,2635.0,1224.0,529.0,1753.0,10396.0,5144.0,15540.0,28137.0,28466.0,56603.0,76531.0,459374.0,536533.0
"Cheyenne, WY",685.0,627.0,416.0,1779.0,2195.0,993.0,1459.0,2452.0,2731.0,5211.0,7942.0,13216.0,81428.0,95329.0
"Chicago-Naperville-Elgin, IL-IN-WI",57019.0,7919.0,9173.0,6965.0,16138.0,79515.0,87307.0,166822.0,529388.0,457767.0,987155.0,1178034.0,8202790.0,9437843.0
"Brownsville-Harlingen, TX",3793.0,192.0,0.0,453.0,453.0,2891.0,2269.0,5160.0,10942.0,20080.0,31022.0,36827.0,374210.0,414830.0
"Chico, CA",510.0,1577.0,1298.0,1345.0,2643.0,6651.0,4358.0,11009.0,13145.0,14268.0,27413.0,42642.0,179338.0,222490.0
"Chillicothe, OH Micro Area",,,,,,,,,,,,,,
"Cincinnati, OH-KY-IN",9153.0,6755.0,4958.0,3427.0,8385.0,30692.0,20833.0,51525.0,178866.0,64345.0,243211.0,309876.0,1805543.0,2124572.0
"Claremont-Lebanon, NH-VT Micro Area",,,,,,,,,,,,,,
"Clarksburg, WV Micro Area",,,,,,,,,,,,,,
"Clarksville, TN-KY",4100.0,2524.0,462.0,1294.0,1756.0,11539.0,6817.0,18356.0,12787.0,19067.0,31854.0,54490.0,215757.0,274347.0
"Clearlake, CA Micro Area",,,,,,,,,,,,,,
"Cleveland, TN",251.0,316.0,1732.0,563.0,2295.0,2993.0,1783.0,4776.0,5869.0,5509.0,11378.0,18765.0,99009.0,118025.0
"Cleveland-Elyria, OH",9811.0,1415.0,4783.0,2641.0,7424.0,21425.0,17510.0,38935.0,151490.0,73546.0,225036.0,272810.0,1758807.0,2041428.0
"Coeur d'Alene, ID",196.0,1844.0,843.0,1820.0,2663.0,4080.0,2137.0,6217.0,10699.0,6608.0,17307.0,28031.0,117212.0,145439.0
"College Station-Bryan, TX",4504.0,4073.0,1018.0,778.0,1796.0,16457.0,9150.0,25607.0,4396.0,32445.0,36841.0,68317.0,164301.0,237122.0
"Colorado Springs, CO",5845.0,1989.0,1964.0,4181.0,6145.0,27522.0,21108.0,48630.0,30809.0,68132.0,98941.0,155705.0,516648.0,678198.0
"Columbia, MO",1284.0,482.0,694.0,907.0,1601.0,5692.0,6820.0,12512.0,4416.0,19149.0,23565.0,38160.0,131168.0,170612.0
"Columbia, SC",5671.0,3357.0,2419.0,2679.0,5098.0,29933.0,16377.0,46310.0,53725.0,21586.0,75311.0,130076.0,656526.0,792273.0
"Columbus, GA-AL",1790.0,2016.0,685.0,549.0,1234.0,13855.0,6593.0,20448.0,11941.0,25826.0,37767.0,61465.0,244771.0,308026.0
"Columbus, IN",468.0,7.0,114.0,412.0,526.0,1444.0,610.0,2054.0,2583.0,3815.0,6398.0,8985.0,70260.0,79713.0
"Columbus, OH",10255.0,1661.0,7162.0,6022.0,13184.0,40649.0,28687.0,69336.0,113082.0,139361.0,252443.0,336624.0,1623150.0,1970029.0
"Concord, NH Micro Area",,,,,,,,,,,,,,
"Cookeville, TN Micro Area",,,,,,,,,,,,,,
"Coos Bay, OR Micro Area",,,,,,,,,,,,,,
"Corning, NY Micro Area",,,,,,,,,,,,,,
"Corpus Christi, TX",532.0,1134.0,2921.0,2912.0,5833.0,7435.0,10510.0,17945.0,11532.0,38605.0,50137.0,75049.0,362147.0,437728.0
"Corvallis, OR",1503.0,254.0,298.0,629.0,927.0,4614.0,4932.0,9546.0,1432.0,8975.0,10407.0,21134.0,62886.0,85523.0
"Crestview-Fort Walton Beach-Destin, FL",2038.0,1793.0,582.0,858.0,1440.0,10239.0,4977.0,15216.0,15076.0,7497.0,22573.0,41022.0,211257.0,254317.0
"Cullman, AL Micro Area",,,,,,,,,,,,,,
"Des Moines-West Des Moines, IA",2425.0,2696.0,1528.0,2288.0,3816.0,11829.0,11432.0,23261.0,31668.0,41485.0,73153.0,102926.0,496920.0,602271.0
"Detroit-Warren-Dearborn, MI",21604.0,5955.0,5207.0,2639.0,7846.0,43299.0,32189.0,75488.0,266394.0,185309.0,451703.0,540992.0,3683545.0,4246141.0
"Cumberland, MD-WV",70.0,623.0,13.0,26.0,39.0,1461.0,1137.0,2598.0,6627.0,3462.0,10089.0,13349.0,86282.0,99701.0
"Dallas-Fort Worth-Arlington, TX",50590.0,14777.0,10493.0,12383.0,22876.0,93311.0,104334.0,197645.0,397200.0,487517.0,884717.0,1120015.0,5687548.0,6858153.0
"Dalton, GA",224.0,141.0,56.0,236.0,292.0,2816.0,1560.0,4376.0,6284.0,2282.0,8566.0,13375.0,127903.0,141502.0
"Danville, IL",6.0,349.0,49.0,253.0,302.0,1487.0,998.0,2485.0,4294.0,3802.0,8096.0,11232.0,67645.0,78883.0
"Danville, VA Micro Area",,,,,,,,,,,,,,
"Daphne-Fairhope-Foley, AL",98.0,412.0,393.0,7.0,400.0,5208.0,4719.0,9927.0,7284.0,2756.0,10040.0,20779.0,176130.0,197007.0
"Davenport-Moline-Rock Island, IA-IL",734.0,776.0,1036.0,1960.0,2996.0,4050.0,4517.0,8567.0,11650.0,21829.0,33479.0,45818.0,331339.0,377891.0
"Dayton, OH",2651.0,2284.0,1879.0,2279.0,4158.0,17706.0,9017.0,26723.0,74695.0,29865.0,104560.0,137725.0,651421.0,791797.0
"Decatur, AL",158.0,415.0,71.0,200.0,271.0,2822.0,1393.0,4215.0,8080.0,7147.0,15227.0,20128.0,131420.0,151706.0
"Decatur, IL",292.0,72.0,214.0,506.0,720.0,1236.0,2701.0,3937.0,3436.0,9133.0,12569.0,17298.0,89565.0,107155.0
"Deltona-Daytona Beach-Ormond Beach, FL",3069.0,1517.0,2354.0,459.0,2813.0,23242.0,9807.0,33049.0,25683.0,10339.0,36022.0,73401.0,526969.0,603439.0
"Denver-Aurora-Lakewood, CO",17016.0,5127.0,7024.0,6009.0,13033.0,53885.0,59201.0,113086.0,162322.0,200258.0,362580.0,493826.0,2211252.0,2722094.0
"Dothan, AL",112.0,782.0,1229.0,672.0,1901.0,1974.0,1203.0,3177.0,6384.0,8380.0,14764.0,20624.0,125496.0,146232.0
"Dover, DE",730.0,335.0,214.0,34.0,248.0,7593.0,2665.0,10258.0,8176.0,6856.0,15032.0,25873.0,143501.0,170104.0
"DuBois, PA Micro Area",,,,,,,,,,,,,,
"Dubuque, IA",282.0,1415.0,138.0,501.0,639.0,2354.0,1550.0,3904.0,1530.0,7411.0,8941.0,14899.0,80343.0,95524.0
"Duluth, MN-WI",833.0,1897.0,899.0,508.0,1407.0,5780.0,3162.0,8942.0,15989.0,12901.0,28890.0,41136.0,235624.0,277593.0
"Dunn, NC Micro Area",,,,,,,,,,,,,,
"Durham-Chapel Hill, NC",5173.0,783.0,1394.0,942.0,2336.0,14959.0,18512.0,33471.0,20225.0,44814.0,65039.0,101629.0,429631.0,536433.0
"East Stroudsburg, PA",,,,,,,,,,,,,,
"Eau Claire, WI",893.0,2802.0,980.0,634.0,1614.0,3977.0,1526.0,5503.0,7005.0,9405.0,16410.0,26329.0,136476.0,163698.0
"El Centro, CA",2605.0,109.0,72.0,70.0,142.0,1621.0,2850.0,4471.0,16101.0,6023.0,22124.0,26846.0,145923.0,175374.0
"Elmira, NY",548.0,279.0,1239.0,468.0,1707.0,1207.0,785.0,1992.0,5167.0,2564.0,7731.0,11709.0,74840.0,87097.0
"El Paso, TX",13703.0,921.0,888.0,1343.0,2231.0,12973.0,10912.0,23885.0,9853.0,61771.0,71624.0,98661.0,709938.0,822302.0
"Erie, PA",1097.0,436.0,1537.0,351.0,1888.0,4688.0,3075.0,7763.0,12074.0,17613.0,29687.0,39774.0,234178.0,275049.0
"Eugene, OR",2556.0,1199.0,1839.0,1045.0,2884.0,10098.0,10452.0,20550.0,18697.0,28078.0,46775.0,71408.0,280853.0,354817.0
"Eureka-Arcata-Fortuna, CA Micro Area",,,,,,,,,,,,,,
"Evansville, IN-KY",1053.0,1753.0,402.0,792.0,1194.0,2094.0,3606.0,5700.0,14566.0,18004.0,32570.0,41217.0,269598.0,311868.0
"Fairbanks, AK",1096.0,3254.0,1105.0,407.0,1512.0,3967.0,3627.0,7594.0,7952.0,7521.0,15473.0,27833.0,68602.0,97531.0
"Elizabeth City, NC Micro Area",,,,,,,,,,,,,,
"Elizabethtown-Fort Knox, KY",972.0,2325.0,682.0,158.0,840.0,5054.0,4327.0,9381.0,10861.0,9012.0,19873.0,32419.0,116402.0,149793.0
"Elkhart-Goshen, IN",626.0,846.0,440.0,527.0,967.0,2747.0,1838.0,4585.0,6042.0,11996.0,18038.0,24436.0,173809.0,198871.0
"Fargo, ND-MN",296.0,3335.0,1955.0,1361.0,3316.0,5869.0,5316.0,11185.0,11152.0,18159.0,29311.0,47147.0,177423.0,224866.0
"Faribault-Northfield, MN Micro Area",,,,,,,,,,,,,,
"Farmington, MO Micro Area",,,,,,,,,,,,,,
"Farmington, NM",239.0,378.0,474.0,40.0,514.0,2304.0,985.0,3289.0,4787.0,2118.0,6905.0,11086.0,110742.0,122067.0
"Fayetteville, NC",5059.0,1238.0,3856.0,2788.0,6644.0,12641.0,9964.0,22605.0,9341.0,25020.0,34361.0,64848.0,302038.0,371945.0
"Fayetteville-Springdale-Rogers, AR-MO",2899.0,4842.0,1198.0,2776.0,3974.0,9658.0,8452.0,18110.0,24140.0,36710.0,60850.0,87776.0,405518.0,496193.0
"Findlay, OH Micro Area",,,,,,,,,,,,,,
"Flagstaff, AZ",492.0,468.0,861.0,59.0,920.0,7390.0,5425.0,12815.0,2652.0,9761.0,12413.0,26616.0,108947.0,136055.0
"Flint, MI",329.0,1706.0,243.0,169.0,412.0,8823.0,5664.0,14487.0,24878.0,17366.0,42244.0,58849.0,348611.0,407789.0
"Florence, SC",233.0,2190.0,506.0,330.0,836.0,2697.0,2109.0,4806.0,13567.0,5883.0,19450.0,27282.0,176925.0,204440.0
"Florence-Muscle Shoals, AL",307.0,315.0,465.0,22.0,487.0,4176.0,1768.0,5944.0,8056.0,9245.0,17301.0,24047.0,121771.0,146125.0
"Fond du Lac, WI",83.0,713.0,694.0,23.0,717.0,1694.0,1000.0,2694.0,1627.0,4875.0,6502.0,10626.0,90234.0,100943.0
"Forest City, NC Micro Area",,,,,,,,,,,,,,
"Fort Collins, CO",1486.0,1548.0,1945.0,1667.0,3612.0,13213.0,12019.0,25232.0,13129.0,25996.0,39125.0,69517.0,249989.0,320992.0
"Fort Smith, AR-OK",283.0,1739.0,593.0,565.0,1158.0,3400.0,3338.0,6738.0,21315.0,9328.0,30643.0,40278.0,235599.0,276160.0
"Fort Wayne, IN",1041.0,921.0,2374.0,2152.0,4526.0,4402.0,4620.0,9022.0,8692.0,35477.0,44169.0,58638.0,361244.0,420923.0
"Frankfort, KY Micro Area",,,,,,,,,,,,,,
"Fresno, CA",6401.0,368.0,406.0,272.0,678.0,12485.0,17272.0,29757.0,42349.0,79507.0,121856.0,152659.0,794187.0,953247.0
"Gadsden, AL",203.0,559.0,963.0,172.0,1135.0,1369.0,756.0,2125.0,4983.0,3983.0,8966.0,12785.0,89386.0,102374.0
"Gainesville, FL",2664.0,2663.0,289.0,416.0,705.0,13715.0,9538.0,23253.0,12964.0,24535.0,37499.0,64120.0,203409.0,270193.0
"Gainesville, GA",485.0,626.0,1021.0,821.0,1842.0,5846.0,1415.0,7261.0,9411.0,3555.0,12966.0,22695.0,164899.0,188079.0
"Gallup, NM Micro Area",,,,,,,,,,,,,,
"Gettysburg, PA",234.0,282.0,152.0,0.0,152.0,3327.0,723.0,4050.0,5419.0,1717.0,7136.0,11620.0,89101.0,100955.0
"Glenwood Springs, CO Micro Area",,,,,,,,,,,,,,
"Goldsboro, NC",980.0,433.0,3204.0,248.0,3452.0,3567.0,2726.0,6293.0,7040.0,3817.0,10857.0,21035.0,100569.0,122584.0
"Grand Forks, ND-MN",758.0,1607.0,502.0,582.0,1084.0,3354.0,2678.0,6032.0,4504.0,7431.0,11935.0,20658.0,79327.0,100743.0
"Grand Island, NE",412.0,795.0,139.0,576.0,715.0,326.0,1003.0,1329.0,2552.0,6288.0,8840.0,11679.0,71158.0,83249.0
"Grand Junction, CO",1048.0,1411.0,728.0,585.0,1313.0,3657.0,3451.0,7108.0,11364.0,7820.0,19184.0,29016.0,116087.0,146151.0
"Grand Rapids-Wyoming, MI",5258.0,2968.0,6114.0,2466.0,8580.0,21763.0,12858.0,34621.0,72594.0,45715.0,118309.0,164478.0,844056.0,1013792.0
"Grants Pass, OR",221.0,105.0,601.0,240.0,841.0,2958.0,1930.0,4888.0,2801.0,5545.0,8346.0,14180.0,68227.0,82628.0
"Great Falls, MT",342.0,1452.0,192.0,1185.0,1377.0,2183.0,1006.0,3189.0,1471.0,7444.0,8915.0,14933.0,65921.0,81196.0
"Greeley, CO",1467.0,1237.0,672.0,776.0,1448.0,14850.0,5743.0,20593.0,12390.0,12759.0,25149.0,48427.0,224270.0,274164.0
"Green Bay, WI",560.0,590.0,1192.0,1127.0,2319.0,5596.0,4349.0,9945.0,15395.0,14731.0,30126.0,42980.0,266819.0,310359.0
"Greeneville, TN Micro Area",,,,,,,,,,,,,,
"Greenfield Town, MA Micro Area",,,,,,,,,,,,,,
"Greensboro-High Point, NC",3373.0,2045.0,1148.0,795.0,1943.0,13421.0,9837.0,23258.0,22865.0,34560.0,57425.0,84671.0,650607.0,738651.0
"Greenville, NC",456.0,517.0,2383.0,505.0,2888.0,4848.0,3305.0,8153.0,7120.0,14790.0,21910.0,33468.0,139521.0,173445.0
"Greenville-Anderson-Mauldin, SC",3806.0,2371.0,2817.0,1630.0,4447.0,19228.0,10409.0,29637.0,59251.0,22815.0,82066.0,118521.0,729948.0,852275.0
"Greenwood, SC Micro Area",,,,,,,,,,,,,,
"Glens Falls, NY",306.0,220.0,403.0,147.0,550.0,3800.0,1681.0,5481.0,7517.0,2334.0,9851.0,16102.0,109927.0,126335.0
"Hilo, HI Micro Area",,,,,,,,,,,,,,
"Hilton Head Island-Bluffton-Beaufort, SC",1350.0,522.0,692.0,962.0,1654.0,10481.0,6559.0,17040.0,10346.0,5427.0,15773.0,34989.0,164068.0,200407.0
"Hinesville, GA",2939.0,1429.0,472.0,1006.0,1478.0,4110.0,5047.0,9157.0,5589.0,2800.0,8389.0,20453.0,57304.0,80696.0
"Guayama, PR",,,,,,,,,,,,,,
"Gulfport-Biloxi-Pascagoula, MS",1494.0,2583.0,1570.0,1971.0,3541.0,10530.0,5532.0,16062.0,16820.0,16126.0,32946.0,55132.0,325421.0,382047.0
"Hagerstown-Martinsburg, MD-WV",454.0,151.0,0.0,0.0,0.0,7443.0,4702.0,12145.0,12397.0,6616.0,19013.0,31309.0,226194.0,257957.0
"Hammond, LA",116.0,10.0,53.0,243.0,296.0,8056.0,3754.0,11810.0,7511.0,3812.0,11323.0,23439.0,102337.0,125892.0
"Hanford-Corcoran, CA",1190.0,160.0,104.0,1033.0,1137.0,9694.0,4374.0,14068.0,8545.0,8397.0,16942.0,32307.0,115236.0,148733.0
"Harrisburg-Carlisle, PA",3869.0,1357.0,2716.0,649.0,3365.0,18834.0,8759.0,27593.0,39164.0,10591.0,49755.0,82070.0,469147.0,555086.0
"Harrisonburg, VA",756.0,1155.0,69.0,120.0,189.0,7215.0,2652.0,9867.0,5696.0,7153.0,12849.0,24060.0,104607.0,129423.0
"Hartford-West Hartford-East Hartford, CT",9123.0,0.0,2195.0,330.0,2525.0,21328.0,17645.0,38973.0,70304.0,38043.0,108347.0,149845.0,1040505.0,1199473.0
"Hattiesburg, MS",404.0,2559.0,2289.0,2104.0,4393.0,3630.0,1876.0,5506.0,6546.0,9570.0,16116.0,28574.0,117842.0,146820.0
"Helena, MT Micro Area",,,,,,,,,,,,,,
"Hermiston-Pendleton, OR Micro Area",,,,,,,,,,,,,,
"Meadville, PA Micro Area",,,,,,,,,,,,,,
"Medford, OR",493.0,950.0,2375.0,1738.0,4113.0,4622.0,4402.0,9024.0,15604.0,14814.0,30418.0,44505.0,163389.0,208387.0
"Memphis, TN-MS-AR",3954.0,4067.0,2603.0,3400.0,6003.0,13900.0,14892.0,28792.0,64631.0,107975.0,172606.0,211468.0,1112001.0,1327423.0
"Merced, CA",428.0,577.0,621.0,156.0,777.0,6321.0,7634.0,13955.0,19605.0,15774.0,35379.0,50688.0,211563.0,262679.0
"Meridian, MS Micro Area",,,,,,,,,,,,,,
"Mobile, AL",815.0,682.0,768.0,407.0,1175.0,6093.0,3314.0,9407.0,19034.0,25488.0,44522.0,55786.0,352504.0,409105.0
"Modesto, CA",3276.0,167.0,384.0,343.0,727.0,14210.0,8480.0,22690.0,31824.0,24105.0,55929.0,79513.0,441642.0,524431.0
"Monroe, LA",103.0,1391.0,346.0,261.0,607.0,2395.0,2452.0,4847.0,6294.0,5795.0,12089.0,18934.0,156918.0,175955.0
"Monroe, MI",67.0,48.0,559.0,51.0,610.0,3377.0,3657.0,7034.0,6841.0,1152.0,7993.0,15685.0,132715.0,148467.0
"Montgomery, AL",2632.0,2420.0,870.0,776.0,1646.0,9929.0,8422.0,18351.0,18164.0,29724.0,47888.0,70305.0,296515.0,369452.0
"Morehead City, NC Micro Area",,,,,,,,,,,,,,
"Miami-Fort Lauderdale-West Palm Beach, FL",84800.0,3353.0,3369.0,2553.0,5922.0,65766.0,60101.0,125867.0,437081.0,198262.0,635343.0,770485.0,5011216.0,5866501.0
"Michigan City-La Porte, IN",258.0,348.0,361.0,723.0,1084.0,5394.0,2421.0,7815.0,2563.0,6189.0,8752.0,17999.0,91695.0,109952.0
"Midland, MI",504.0,906.0,380.0,215.0,595.0,1442.0,1167.0,2609.0,1241.0,2818.0,4059.0,8169.0,74157.0,82830.0
"Midland, TX",1166.0,1333.0,205.0,1048.0,1253.0,4808.0,5261.0,10069.0,1887.0,9641.0,11528.0,24183.0,134949.0,160298.0
"Milwaukee-Waukesha-West Allis, WI",5859.0,2241.0,3554.0,2057.0,5611.0,16680.0,20219.0,36899.0,67104.0,115250.0,182354.0,227105.0,1320026.0,1552990.0
"Minneapolis-St. Paul-Bloomington, MN-WI",23001.0,9845.0,5631.0,8541.0,14172.0,30197.0,41727.0,71924.0,238619.0,161771.0,400390.0,496331.0,2927345.0,3446677.0
"Minot, ND Micro Area",,,,,,,,,,,,,,
"Missoula, MT",696.0,2677.0,515.0,1234.0,1749.0,2010.0,5497.0,7507.0,1596.0,10690.0,12286.0,24219.0,87025.0,111940.0
"Morgantown, WV",1432.0,2205.0,559.0,452.0,1011.0,6916.0,2413.0,9329.0,7478.0,3568.0,11046.0,23591.0,111332.0,136355.0
"Morristown, TN",605.0,631.0,610.0,926.0,1536.0,5303.0,3546.0,8849.0,5511.0,2655.0,8166.0,19182.0,94552.0,114339.0
"Moses Lake, WA Micro Area",,,,,,,,,,,,,,
"Mount Airy, NC Micro Area",,,,,,,,,,,,,,
"Mount Pleasant, MI Micro Area",,,,,,,,,,,,,,
"Mount Vernon-Anacortes, WA",988.0,865.0,498.0,779.0,1277.0,3488.0,3220.0,6708.0,5553.0,6581.0,12134.0,20984.0,97555.0,119527.0
"Muncie, IN",39.0,705.0,966.0,539.0,1505.0,4578.0,2941.0,7519.0,4870.0,12272.0,17142.0,26871.0,89142.0,116052.0
"Muskegon, MI",418.0,2754.0,790.0,852.0,1642.0,3360.0,1645.0,5005.0,14309.0,6643.0,20952.0,30353.0,139598.0,170369.0
"Muskogee, OK Micro Area",,,,,,,,,,,,,,
"Myrtle Beach-Conway-North Myrtle Beach, SC-NC",2929.0,1828.0,1788.0,705.0,2493.0,18555.0,9147.0,27702.0,26393.0,10646.0,37039.0,69062.0,341360.0,413351.0
"Nacogdoches, TX Micro Area",,,,,,,,,,,,,,
"Napa, CA",699.0,197.0,83.0,0.0,83.0,3390.0,2764.0,6154.0,4558.0,7600.0,12158.0,18592.0,121163.0,140454.0
"Naples-Immokalee-Marco Island, FL",5982.0,2213.0,1088.0,253.0,1341.0,14572.0,5169.0,19741.0,13977.0,10911.0,24888.0,48183.0,290777.0,344942.0
"Nashville-Davidson--Murfreesboro--Franklin, TN",11192.0,6228.0,4867.0,4312.0,9179.0,31915.0,31369.0,63284.0,93800.0,115007.0,208807.0,287498.0,1470246.0,1768936.0
"New Bern, NC",521.0,154.0,1876.0,299.0,2175.0,8321.0,4165.0,12486.0,7988.0,3632.0,11620.0,26435.0,99053.0,126009.0
"New Castle, PA Micro Area",,,,,,,,,,,,,,
"New Haven-Milford, CT",6619.0,566.0,758.0,93.0,851.0,13224.0,14220.0,27444.0,44909.0,21668.0,66577.0,95438.0,751024.0,853081.0
"New Orleans-Metairie, LA",4785.0,1022.0,1569.0,1308.0,2877.0,16614.0,16732.0,33346.0,53485.0,49933.0,103418.0,140663.0,1091935.0,1237383.0
"New Philadelphia-Dover, OH Micro Area",,,,,,,,,,,,,,
"New York-Newark-Jersey City, NY-NJ-PA",177482.0,4940.0,6069.0,3170.0,9239.0,111517.0,112865.0,224382.0,715081.0,765719.0,1480800.0,1719361.0,17965221.0,19862064.0
"Niles-Benton Harbor, MI",968.0,565.0,140.0,1610.0,1750.0,3595.0,2944.0,6539.0,11773.0,2433.0,14206.0,23060.0,129150.0,153178.0
"Reading, PA",898.0,217.0,642.0,194.0,836.0,12342.0,3954.0,16296.0,17178.0,17967.0,35145.0,52494.0,355811.0,409203.0
"Redding, CA",346.0,862.0,1532.0,1030.0,2562.0,4303.0,6449.0,10752.0,6460.0,9290.0,15750.0,29926.0,147867.0,178139.0
"Reno, NV",1585.0,817.0,2610.0,2823.0,5433.0,10546.0,11426.0,21972.0,21241.0,35885.0,57126.0,85348.0,351666.0,438599.0
"Richmond, IN Micro Area",,,,,,,,,,,,,,
"Richmond, VA",6522.0,5307.0,798.0,1097.0,1895.0,29688.0,17350.0,47038.0,89049.0,39554.0,128603.0,182843.0,1057151.0,1246516.0
"Richmond-Berea, KY Micro Area",,,,,,,,,,,,,,
"Riverside-San Bernardino-Ontario, CA",23682.0,3978.0,2820.0,1778.0,4598.0,98283.0,87924.0,186207.0,297135.0,140739.0,437874.0,632657.0,3728453.0,4384792.0
"Roanoke, VA",1658.0,984.0,1289.0,805.0,2094.0,9101.0,3844.0,12945.0,16316.0,15496.0,31812.0,47835.0,259681.0,309174.0
"Roanoke Rapids, NC Micro Area",,,,,,,,,,,,,,
"Rochester, MN",1744.0,440.0,1929.0,753.0,2682.0,3074.0,2294.0,5368.0,6097.0,9281.0,15378.0,23868.0,184584.0,210196.0
"Rochester, NY",5135.0,1613.0,3409.0,869.0,4278.0,15352.0,13076.0,28428.0,65002.0,38192.0,103194.0,137513.0,930668.0,1073316.0
"Rockford, IL",1115.0,302.0,407.0,646.0,1053.0,5805.0,6257.0,12062.0,12830.0,22427.0,35257.0,48674.0,288068.0,337857.0
"Rocky Mount, NC",186.0,385.0,608.0,1477.0,2085.0,1492.0,2635.0,4127.0,5718.0,5888.0,11606.0,18203.0,128171.0,146560.0
"Rome, GA",0.0,212.0,560.0,288.0,848.0,2726.0,1268.0,3994.0,3785.0,5550.0,9335.0,14389.0,80669.0,95058.0
"Roseburg, OR Micro Area",,,,,,,,,,,,,,
"Roswell, NM Micro Area",,,,,,,,,,,,,,
"Russellville, AR Micro Area",,,,,,,,,,,,,,
"Sacramento--Roseville--Arden-Arcade, CA",14236.0,2572.0,5191.0,3490.0,8681.0,43605.0,48810.0,92415.0,135119.0,121171.0,256290.0,359958.0,1846482.0,2220676.0
"Saginaw, MI",730.0,1622.0,539.0,143.0,682.0,3082.0,2412.0,5494.0,8296.0,5614.0,13910.0,21708.0,169306.0,191744.0
"St. Cloud, MN",1131.0,2112.0,1005.0,2756.0,3761.0,7800.0,2862.0,10662.0,10954.0,7648.0,18602.0,35137.0,154132.0,190400.0
"St. George, UT",561.0,1280.0,20.0,467.0,487.0,6739.0,4391.0,11130.0,5615.0,10601.0,16216.0,29113.0,120323.0,149997.0
"St. Joseph, MO-KS",220.0,703.0,179.0,915.0,1094.0,3127.0,2110.0,5237.0,4767.0,7630.0,12397.0,19431.0,105631.0,125282.0
"St. Louis, MO-IL",8667.0,7854.0,4208.0,4683.0,8891.0,27040.0,25705.0,52745.0,230483.0,63653.0,294136.0,363626.0,2400660.0,2772953.0
"Salem, OH Micro Area",,,,,,,,,,,,,,
"Salem, OR",2441.0,733.0,680.0,1388.0,2068.0,10201.0,11410.0,21611.0,21038.0,24847.0,45885.0,70297.0,326366.0,399104.0
"Salinas, CA",2417.0,320.0,535.0,1032.0,1567.0,10383.0,9673.0,20056.0,17800.0,10450.0,28250.0,50193.0,373419.0,426029.0
"Salisbury, MD-DE",984.0,698.0,139.0,1133.0,1272.0,12542.0,4757.0,17299.0,23735.0,4410.0,28145.0,47414.0,337407.0,385805.0
"Salt Lake City, UT",8130.0,2289.0,1759.0,3793.0,5552.0,23104.0,16771.0,39875.0,87848.0,26944.0,114792.0,162508.0,965067.0,1135705.0
"San Angelo, TX",688.0,1791.0,641.0,410.0,1051.0,3712.0,2047.0,5759.0,765.0,11231.0,11996.0,20597.0,95212.0,116497.0
"San Antonio-New Braunfels, TX",13470.0,3582.0,3356.0,6716.0,10072.0,43106.0,46140.0,89246.0,70031.0,218068.0,288099.0,390999.0,1889106.0,2293575.0
"San Diego-Carlsbad, CA",33151.0,2705.0,3200.0,2378.0,5578.0,68450.0,51098.0,119548.0,162979.0,184329.0,347308.0,475139.0,2717394.0,3225684.0
"Sandusky, OH Micro Area",,,,,,,,,,,,,,
"San Francisco-Oakland-Hayward, CA",61791.0,2353.0,2271.0,2202.0,4473.0,56429.0,96530.0,152959.0,198226.0,208499.0,406725.0,566510.0,3916850.0,4545151.0
"San Germán, PR",,,,,,,,,,,,,,
"San Jose-Sunnyvale-Santa Clara, CA",33593.0,105.0,665.0,153.0,818.0,37935.0,37459.0,75394.0,28675.0,127100.0,155775.0,232092.0,1664908.0,1930593.0
"San Juan-Carolina-Caguas, PR",,,,,,,,,,,,,,
"San Luis Obispo-Paso Robles-Arroyo Grande, CA",1623.0,300.0,221.0,380.0,601.0,9075.0,11262.0,20337.0,19171.0,11582.0,30753.0,51991.0,222827.0,276441.0
"Santa Cruz-Watsonville, CA",1601.0,70.0,233.0,118.0,351.0,8262.0,7535.0,15797.0,8403.0,10348.0,18751.0,34969.0,232333.0,268903.0
"Santa Fe, NM",559.0,561.0,830.0,2439.0,3269.0,2624.0,4670.0,7294.0,2530.0,5286.0,7816.0,18940.0,127297.0,146796.0
"Santa Maria-Santa Barbara, CA",4292.0,300.0,374.0,159.0,533.0,13060.0,13473.0,26533.0,27719.0,30644.0,58363.0,85729.0,345373.0,435394.0
"Santa Rosa, CA",1602.0,723.0,997.0,1989.0,2986.0,11028.0,12574.0,23602.0,27101.0,20920.0,48021.0,75332.0,418280.0,495214.0
"Savannah, GA",2806.0,3627.0,513.0,2252.0,2765.0,9976.0,10318.0,20294.0,24385.0,21033.0,45418.0,72104.0,291879.0,366789.0
"Scranton--Wilkes-Barre--Hazleton, PA",2059.0,939.0,703.0,615.0,1318.0,8610.0,6913.0,15523.0,34130.0,14995.0,49125.0,66905.0,485589.0,554553.0
"Searcy, AR Micro Area",,,,,,,,,,,,,,
"Seattle-Tacoma-Bellevue, WA",43831.0,4080.0,6315.0,10708.0,17023.0,61505.0,69719.0,131224.0,217639.0,230257.0,447896.0,600223.0,2985238.0,3629292.0
"Sebastian-Vero Beach, FL",370.0,652.0,220.0,29.0,249.0,7625.0,3278.0,10903.0,5644.0,2552.0,8196.0,20000.0,123945.0,144315.0
"Sebring, FL",888.0,444.0,43.0,304.0,347.0,3474.0,1291.0,4765.0,7285.0,1191.0,8476.0,14032.0,82891.0,97811.0
"Seneca, SC Micro Area",,,,,,,,,,,,,,
"Sevierville, TN Micro Area",,,,,,,,,,,,,,
"Sioux City, IA-NE-SD",484.0,954.0,422.0,269.0,691.0,2757.0,2143.0,4900.0,7222.0,12711.0,19933.0,26478.0,139649.0,166611.0
"Sioux Falls, SD",800.0,3411.0,1348.0,1310.0,2658.0,2145.0,1696.0,3841.0,5949.0,23061.0,29010.0,38920.0,204928.0,244648.0
"Somerset, PA Micro Area",,,,,,,,,,,,,,
"South Bend-Mishawaka, IN-MI",1207.0,753.0,1258.0,121.0,1379.0,7655.0,5606.0,13261.0,8722.0,16065.0,24787.0,40180.0,273615.0,315002.0
"Spartanburg, SC",1053.0,228.0,753.0,375.0,1128.0,8707.0,3671.0,12378.0,23239.0,7538.0,30777.0,44511.0,273269.0,318833.0
"Shawnee, OK Micro Area",,,,,,,,,,,,,,
"Sheboygan, WI",381.0,71.0,523.0,172.0,695.0,1726.0,2222.0,3948.0,3850.0,5603.0,9453.0,14167.0,99646.0,114194.0
"Shelby, NC Micro Area",,,,,,,,,,,,,,
"Sherman-Denison, TX",285.0,1295.0,122.0,1394.0,1516.0,3629.0,2024.0,5653.0,3541.0,9210.0,12751.0,21215.0,100416.0,121916.0
"Show Low, AZ Micro Area",,,,,,,,,,,,,,
"Shreveport-Bossier City, LA",750.0,2366.0,1545.0,2674.0,4219.0,4350.0,4592.0,8942.0,13341.0,28740.0,42081.0,57608.0,381250.0,439608.0
"Sierra Vista-Douglas, AZ",531.0,170.0,1303.0,308.0,1611.0,5410.0,5549.0,10959.0,4214.0,6285.0,10499.0,23239.0,102158.0,125928.0
"Spokane-Spokane Valley, WA",2983.0,1891.0,2746.0,2456.0,5202.0,12228.0,9717.0,21945.0,18785.0,40857.0,59642.0,88680.0,443703.0,535366.0
"Springfield, IL",651.0,651.0,785.0,992.0,1777.0,3209.0,2440.0,5649.0,7302.0,18264.0,25566.0,33643.0,175005.0,209299.0
"Springfield, MA",4143.0,372.0,2094.0,867.0,2961.0,17058.0,8392.0,25450.0,47898.0,20363.0,68261.0,97044.0,522919.0,624106.0
"Springfield, MO",1849.0,4570.0,3100.0,2130.0,5230.0,10272.0,7091.0,17363.0,26565.0,35922.0,62487.0,89650.0,354424.0,445923.0
"Springfield, OH",200.0,36.0,529.0,292.0,821.0,4176.0,1483.0,5659.0,5361.0,14430.0,19791.0,26307.0,108491.0,134998.0
"State College, PA",3412.0,856.0,1623.0,753.0,2376.0,9066.0,4004.0,13070.0,7274.0,12428.0,19702.0,36004.0,118019.0,157435.0
"Statesboro, GA Micro Area",,,,,,,,,,,,,,
"Staunton-Waynesboro, VA",169.0,1101.0,33.0,188.0,221.0,5283.0,2196.0,7479.0,8005.0,3142.0,11147.0,19948.0,98474.0,118591.0
"Stevens Point, WI Micro Area",,,,,,,,,,,,,,
"Stillwater, OK Micro Area",,,,,,,,,,,,,,
"Stockton-Lodi, CA",2241.0,562.0,721.0,649.0,1370.0,15002.0,19770.0,34772.0,24614.0,53139.0,77753.0,114457.0,588291.0,704989.0
"Sumter, SC",438.0,615.0,212.0,152.0,364.0,3170.0,1946.0,5116.0,3818.0,5003.0,8821.0,14916.0,91527.0,106881.0
"Sunbury, PA Micro Area",,,,,,,,,,,,,,
"Syracuse, NY",4105.0,757.0,1581.0,1339.0,2920.0,15181.0,6541.0,21722.0,36590.0,25458.0,62048.0,87447.0,563365.0,654917.0
"Talladega-Sylacauga, AL Micro Area",,,,,,,,,,,,,,
"Tallahassee, FL",3356.0,4084.0,588.0,339.0,927.0,18442.0,13539.0,31981.0,13522.0,38960.0,52482.0,89474.0,277983.0,370813.0
"Tampa-St. Petersburg-Clearwater, FL",22364.0,6472.0,6784.0,1236.0,8020.0,67928.0,41507.0,109435.0,186780.0,108129.0,294909.0,418836.0,2442677.0,2883877.0
"Terre Haute, IN",797.0,1200.0,557.0,616.0,1173.0,3940.0,2805.0,6745.0,10106.0,9275.0,19381.0,28499.0,140840.0,170136.0
"Texarkana, TX-AR",176.0,2984.0,238.0,680.0,918.0,1212.0,2026.0,3238.0,10078.0,3417.0,13495.0,20635.0,124594.0,145405.0
"The Villages, FL",997.0,199.0,918.0,196.0,1114.0,5484.0,1835.0,7319.0,2535.0,1696.0,4231.0,12863.0,99932.0,113792.0
"Toledo, OH",1984.0,2025.0,5565.0,1820.0,7385.0,10384.0,5891.0,16275.0,31038.0,47024.0,78062.0,103747.0,494114.0,599845.0
"Topeka, KS",547.0,939.0,243.0,1459.0,1702.0,3014.0,5077.0,8091.0,8511.0,16188.0,24699.0,35431.0,195421.0,231399.0
"Torrington, CT Micro Area",,,,,,,,,,,,,,
"Traverse City, MI Micro Area",,,,,,,,,,,,,,
"Trenton, NJ",4692.0,0.0,130.0,32.0,162.0,15967.0,4799.0,20766.0,17373.0,6291.0,23664.0,44592.0,318872.0,368156.0
"Truckee-Grass Valley, CA Micro Area",,,,,,,,,,,,,,
"Tucson, AZ",7309.0,1194.0,2108.0,1822.0,3930.0,21963.0,22499.0,44462.0,45121.0,113686.0,158807.0,208393.0,776852.0,992554.0
"Tullahoma-Manchester, TN Micro Area",,,,,,,,,,,,,,
"Tulsa, OK",3662.0,5144.0,1870.0,6007.0,7877.0,11633.0,13561.0,25194.0,55620.0,63592.0,119212.0,157427.0,796627.0,957716.0
"Tupelo, MS Micro Area",,,,,,,,,,,,,,
"Tuscaloosa, AL",769.0,1534.0,1028.0,462.0,1490.0,8118.0,4417.0,12535.0,9862.0,10515.0,20377.0,35936.0,196642.0,233347.0
"Twin Falls, ID Micro Area",,,,,,,,,,,,,,
"Tyler, TX",704.0,595.0,1109.0,607.0,1716.0,6154.0,3054.0,9208.0,9269.0,15293.0,24562.0,36081.0,178721.0,215506.0
"Ukiah, CA Micro Area",,,,,,,,,,,,,,
"Urban Honolulu, HI",9266.0,1773.0,2684.0,1604.0,4288.0,24892.0,18053.0,42945.0,55087.0,38115.0,93202.0,142208.0,827066.0,978540.0
"Utica-Rome, NY",531.0,459.0,877.0,145.0,1022.0,5674.0,3250.0,8924.0,11457.0,14504.0,25961.0,36366.0,256721.0,293618.0
"Valdosta, GA",302.0,2162.0,547.0,831.0,1378.0,2738.0,6251.0,8989.0,4912.0,11344.0,16256.0,28785.0,112057.0,141144.0
"Vallejo-Fairfield, CA",3105.0,241.0,896.0,348.0,1244.0,16451.0,9763.0,26214.0,15143.0,22393.0,37536.0,65235.0,358210.0,426550.0
"Victoria, TX",46.0,1590.0,167.0,95.0,262.0,1761.0,1280.0,3041.0,2654.0,8046.0,10700.0,15593.0,82259.0,97898.0
"Vineland-Bridgeton, NJ",767.0,98.0,71.0,49.0,120.0,5001.0,2090.0,7091.0,4186.0,3355.0,7541.0,14850.0,139886.0,155503.0
"Virginia Beach-Norfolk-Newport News, VA-NC",11800.0,9185.0,4641.0,2145.0,6786.0,53985.0,25659.0,79644.0,50443.0,158436.0,208879.0,304494.0,1378072.0,1694366.0
"Visalia-Porterville, CA",2186.0,582.0,352.0,0.0,352.0,7419.0,6005.0,13424.0,21401.0,20405.0,41806.0,56164.0,393875.0,452225.0
"Waco, TX",1223.0,1507.0,225.0,541.0,766.0,6666.0,6920.0,13586.0,10460.0,17189.0,27649.0,43508.0,213359.0,258090.0
"Walla Walla, WA",187.0,261.0,523.0,452.0,975.0,2005.0,2247.0,4252.0,2674.0,3670.0,6344.0,11832.0,51076.0,63095.0
"Warner Robins, GA",498.0,1579.0,811.0,547.0,1358.0,6495.0,4062.0,10557.0,8100.0,5957.0,14057.0,27551.0,157064.0,185113.0
"North Port-Sarasota-Bradenton, FL",5172.0,1733.0,843.0,921.0,1764.0,31203.0,12083.0,43286.0,36845.0,36191.0,73036.0,119819.0,618136.0,743127.0
"North Wilkesboro, NC Micro Area",,,,,,,,,,,,,,
"Norwich-New London, CT",967.0,323.0,354.0,246.0,600.0,13980.0,3489.0,17469.0,13076.0,10391.0,23467.0,41859.0,228363.0,271189.0
"Oak Harbor, WA Micro Area",,,,,,,,,,,,,,
"Ocala, FL",2077.0,2803.0,456.0,494.0,950.0,12761.0,5275.0,18036.0,15714.0,7970.0,23684.0,45473.0,288781.0,336331.0
"Ocean City, NJ",491.0,0.0,64.0,0.0,64.0,2536.0,1179.0,3715.0,7345.0,1896.0,9241.0,13020.0,81337.0,94848.0
"Odessa, TX",760.0,1281.0,774.0,529.0,1303.0,5571.0,4272.0,9843.0,3258.0,8507.0,11765.0,24192.0,125917.0,150869.0
"Ogden-Clearfield, UT",3148.0,728.0,2075.0,703.0,2778.0,17401.0,10349.0,27750.0,46010.0,17813.0,63823.0,95079.0,522183.0,620410.0
"Ogdensburg-Massena, NY Micro Area",,,,,,,,,,,,,,
"Oklahoma City, OK",7869.0,7736.0,4086.0,8409.0,12495.0,20133.0,20226.0,40359.0,91016.0,88032.0,179048.0,239638.0,1070002.0,1317509.0
"Olean, NY Micro Area",,,,,,,,,,,,,,
"Olympia-Tumwater, WA",3185.0,557.0,3021.0,2669.0,5690.0,6716.0,6972.0,13688.0,18645.0,10027.0,28672.0,48607.0,211609.0,263401.0
"Omaha-Council Bluffs, NE-IA",5077.0,3661.0,2147.0,3538.0,5685.0,11676.0,11445.0,23121.0,35378.0,75565.0,110943.0,143410.0,742351.0,890838.0
"Opelousas, LA Micro Area",,,,,,,,,,,,,,
"Orangeburg, SC Micro Area",,,,,,,,,,,,,,
"Orlando-Kissimmee-Sanford, FL",31920.0,2077.0,2960.0,1460.0,4420.0,75977.0,46890.0,122867.0,166865.0,76394.0,243259.0,372623.0,1890952.0,2295495.0
"Oshkosh-Neenah, WI",194.0,1104.0,776.0,1077.0,1853.0,5438.0,4059.0,9497.0,4684.0,9141.0,13825.0,26279.0,141604.0,168077.0
"Ottawa-Peru, IL Micro Area",,,,,,,,,,,,,,
"Owensboro, KY",118.0,922.0,250.0,594.0,844.0,1670.0,727.0,2397.0,5083.0,5861.0,10944.0,15107.0,99701.0,114926.0
"Parkersburg-Vienna, WV",0.0,746.0,106.0,0.0,106.0,1516.0,2021.0,3537.0,1937.0,3049.0,4986.0,9375.0,82443.0,91818.0
"Pensacola-Ferry Pass-Brent, FL",2573.0,3094.0,1207.0,581.0,1788.0,21810.0,15181.0,36991.0,30516.0,14700.0,45216.0,87089.0,378871.0,468533.0
"Peoria, IL",1025.0,1002.0,998.0,936.0,1934.0,3958.0,4980.0,8938.0,22897.0,18860.0,41757.0,53631.0,318497.0,373153.0
"Philadelphia-Camden-Wilmington, PA-NJ-DE-MD",43907.0,1756.0,3200.0,1365.0,4565.0,86375.0,51017.0,137392.0,316198.0,193361.0,509559.0,653272.0,5284011.0,5981190.0
"Owosso, MI Micro Area",,,,,,,,,,,,,,
"Oxnard-Thousand Oaks-Ventura, CA",4436.0,99.0,503.0,349.0,852.0,15938.0,16019.0,31957.0,27596.0,41234.0,68830.0,101738.0,730712.0,836886.0
"Paducah, KY-IL Micro Area",,,,,,,,,,,,,,
"Palatka, FL Micro Area",,,,,,,,,,,,,,
"Palm Bay-Melbourne-Titusville, FL",2995.0,1404.0,990.0,1190.0,2180.0,18747.0,9710.0,28457.0,33923.0,23583.0,57506.0,89547.0,459868.0,552410.0
"Panama City, FL",2462.0,1077.0,709.0,53.0,762.0,7706.0,5737.0,13443.0,12252.0,9178.0,21430.0,36712.0,151320.0,190494.0
"Phoenix-Mesa-Scottsdale, AZ",34811.0,8153.0,6620.0,8304.0,14924.0,96975.0,75358.0,172333.0,227090.0,343815.0,570905.0,766315.0,3634902.0,4436028.0
"Pine Bluff, AR",0.0,318.0,268.0,296.0,564.0,963.0,779.0,1742.0,1360.0,4464.0,5824.0,8448.0,85766.0,94214.0
"Pinehurst-Southern Pines, NC Micro Area",,,,,,,,,,,,,,
"Pittsburgh, PA",9295.0,3092.0,4965.0,1746.0,6711.0,29164.0,19398.0,48562.0,155448.0,43386.0,198834.0,257199.0,2062268.0,2328762.0
"Pittsfield, MA",1332.0,0.0,649.0,70.0,719.0,2863.0,807.0,3670.0,5012.0,5799.0,10811.0,15200.0,110876.0,127408.0
"Plattsburgh, NY Micro Area",,,,,,,,,,,,,,
"Pocatello, ID",284.0,695.0,492.0,293.0,785.0,1104.0,1022.0,2126.0,2472.0,7097.0,9569.0,13175.0,68805.0,82264.0
"Ponce, PR",,,,,,,,,,,,,,
"Port Angeles, WA Micro Area",,,,,,,,,,,,,,
"Portland-South Portland, ME",3064.0,4074.0,1772.0,645.0,2417.0,11084.0,6419.0,17503.0,32148.0,14145.0,46293.0,70287.0,445059.0,518410.0
"Portland-Vancouver-Hillsboro, OR-WA",16926.0,5176.0,6406.0,5959.0,12365.0,39712.0,48691.0,88403.0,147397.0,149290.0,296687.0,402631.0,1901956.0,2321513.0
"Port St. Lucie, FL",1665.0,801.0,724.0,495.0,1219.0,13572.0,7818.0,21390.0,18177.0,11370.0,29547.0,52957.0,385472.0,440094.0
"Portsmouth, OH Micro Area",,,,,,,,,,,,,,
"Pottsville, PA Micro Area",,,,,,,,,,,,,,
"Prescott, AZ",718.0,280.0,893.0,864.0,1757.0,7904.0,7782.0,15686.0,10219.0,6125.0,16344.0,34067.0,182335.0,217120.0
"Providence-Warwick, RI-MA",11146.0,671.0,1078.0,1220.0,2298.0,30496.0,11460.0,41956.0,115768.0,33433.0,149201.0,194126.0,1389524.0,1594796.0
"Provo-Orem, UT",7706.0,2343.0,1457.0,1725.0,3182.0,22109.0,9844.0,31953.0,30635.0,36743.0,67378.0,104856.0,448447.0,561009.0
"Pueblo, CO",433.0,1109.0,133.0,420.0,553.0,2668.0,5076.0,7744.0,4581.0,12408.0,16989.0,26395.0,133391.0,160219.0
"Punta Gorda, FL",1725.0,1441.0,823.0,479.0,1302.0,7243.0,5011.0,12254.0,10614.0,1274.0,11888.0,26885.0,138703.0,167313.0
"Quincy, IL-MO Micro Area",,,,,,,,,,,,,,
"Racine, WI",268.0,502.0,481.0,375.0,856.0,5814.0,4201.0,10015.0,5172.0,7256.0,12428.0,23801.0,168396.0,192465.0
"Raleigh, NC",9730.0,3783.0,5792.0,4502.0,10294.0,27085.0,22471.0,49556.0,59022.0,69698.0,128720.0,192353.0,1026170.0,1228253.0
"Rapid City, SD",454.0,3374.0,455.0,1835.0,2290.0,3606.0,2368.0,5974.0,4128.0,9614.0,13742.0,25380.0,116506.0,142340.0
"Warsaw, IN Micro Area",,,,,,,,,,,,,,
"Washington-Arlington-Alexandria, DC-VA-MD-WV",84014.0,7698.0,4438.0,4050.0,8488.0,106357.0,84535.0,190892.0,443334.0,206243.0,649577.0,856655.0,5012147.0,5952816.0
"Waterloo-Cedar Falls, IA",1680.0,2630.0,652.0,1040.0,1692.0,3592.0,3165.0,6757.0,3890.0,14990.0,18880.0,29959.0,136379.0,168018.0
"Watertown-Fort Atkinson, WI Micro Area",,,,,,,,,,,,,,
"Watertown-Fort Drum, NY",3262.0,301.0,2151.0,416.0,2567.0,6345.0,3440.0,9785.0,5546.0,6191.0,11737.0,24390.0,89186.0,116838.0
"Wausau, WI",560.0,990.0,287.0,797.0,1084.0,1350.0,1860.0,3210.0,4641.0,3416.0,8057.0,13341.0,120585.0,134486.0
"Weirton-Steubenville, WV-OH",136.0,529.0,1289.0,80.0,1369.0,3014.0,1265.0,4279.0,6004.0,3787.0,9791.0,15968.0,108116.0,124220.0
"Wenatchee, WA",612.0,395.0,191.0,499.0,690.0,2177.0,1751.0,3928.0,4767.0,2797.0,7564.0,12577.0,99529.0,112718.0
"Kalamazoo-Portage, MI",1701.0,352.0,2594.0,1442.0,4036.0,10736.0,5934.0,16670.0,20294.0,24223.0,44517.0,65575.0,262980.0,330256.0
"Kalispell, MT Micro Area",,,,,,,,,,,,,,
"Kankakee, IL",490.0,269.0,39.0,106.0,145.0,3570.0,1480.0,5050.0,4810.0,2319.0,7129.0,12593.0,97160.0,110243.0
"Kansas City, MO-KS",7985.0,5897.0,4092.0,5478.0,9570.0,24620.0,30462.0,55082.0,137198.0,109366.0,246564.0,317113.0,1718455.0,2043553.0
"Kapaa, HI Micro Area",,,,,,,,,,,,,,
"Keene, NH Micro Area",,,,,,,,,,,,,,
"Kennewick-Richland, WA",1008.0,434.0,368.0,2529.0,2897.0,4350.0,5126.0,9476.0,15073.0,14965.0,30038.0,42845.0,225816.0,269669.0
"Key West, FL Micro Area",,,,,,,,,,,,,,
"Killeen-Temple, TX",5679.0,3147.0,1140.0,1436.0,2576.0,18158.0,15574.0,33732.0,20954.0,35397.0,56351.0,95806.0,316629.0,418114.0
"Kingsport-Bristol-Bristol, TN-VA",907.0,2091.0,1135.0,389.0,1524.0,7244.0,3944.0,11188.0,18579.0,11066.0,29645.0,44448.0,260716.0,306071.0
"Kingston, NY",672.0,1391.0,548.0,89.0,637.0,4135.0,2986.0,7121.0,9315.0,3183.0,12498.0,21647.0,156800.0,179119.0
"Wheeling, WV-OH",171.0,1172.0,666.0,761.0,1427.0,3174.0,1276.0,4450.0,6846.0,3017.0,9863.0,16912.0,127285.0,144368.0
"Whitewater-Elkhorn, WI Micro Area",,,,,,,,,,,,,,
"Wichita, KS",4182.0,1447.0,803.0,3180.0,3983.0,5449.0,6495.0,11944.0,22875.0,49840.0,72715.0,90089.0,538591.0,632862.0
"Wichita Falls, TX",1148.0,2104.0,723.0,1087.0,1810.0,4262.0,3708.0,7970.0,3741.0,11573.0,15314.0,27198.0,121512.0,149858.0
"Williamsport, PA",113.0,62.0,1328.0,444.0,1772.0,2101.0,2017.0,4118.0,5205.0,4810.0,10015.0,15967.0,99401.0,115481.0
"Wilmington, NC",1322.0,1018.0,1490.0,398.0,1888.0,11093.0,5919.0,17012.0,7282.0,13618.0,20900.0,40818.0,228336.0,270476.0
"Wilson, NC Micro Area",,,,,,,,,,,,,,
"Winchester, VA-WV",1066.0,356.0,146.0,0.0,146.0,4314.0,602.0,4916.0,7477.0,3339.0,10816.0,16234.0,115394.0,132694.0
"Winston-Salem, NC",1500.0,685.0,3215.0,500.0,3715.0,12141.0,13376.0,25517.0,27038.0,38231.0,65269.0,95186.0,551055.0,647741.0
"Wisconsin Rapids-Marshfield, WI Micro Area",,,,,,,,,,,,,,
"Wooster, OH Micro Area",,,,,,,,,,,,,,
"Worcester, MA-CT",5794.0,1472.0,607.0,263.0,870.0,21735.0,7522.0,29257.0,49762.0,21421.0,71183.0,102782.0,812744.0,921320.0
"Yakima, WA",775.0,66.0,492.0,372.0,864.0,3833.0,3220.0,7053.0,13075.0,10556.0,23631.0,31614.0,211521.0,243910.0
"York-Hanover, PA",1046.0,623.0,187.0,93.0,280.0,11704.0,4188.0,15892.0,25122.0,12954.0,38076.0,54871.0,380030.0,435947.0
"Youngstown-Warren-Boardman, OH-PA",843.0,73.0,2653.0,717.0,3370.0,10322.0,5941.0,16263.0,27898.0,17430.0,45328.0,65034.0,481157.0,547034.0
"Yuba City, CA",1911.0,92.0,899.0,146.0,1045.0,4486.0,3566.0,8052.0,11703.0,7333.0,19036.0,28225.0,137972.0,168108.0
"Yuma, AZ",3262.0,345.0,158.0,85.0,243.0,6349.0,5642.0,11991.0,10225.0,11801.0,22026.0,34605.0,161986.0,199853.0
"Zanesville, OH Micro Area",,,,,,,,,,,,,,
"Klamath Falls, OR Micro Area",,,,,,,,,,,,,,
"Knoxville, TN",3126.0,3774.0,3734.0,2047.0,5781.0,14592.0,9562.0,24154.0,53432.0,33271.0,86703.0,120412.0,724236.0,847774.0
"Laredo, TX",4517.0,274.0,87.0,439.0,526.0,808.0,2735.0,3543.0,983.0,29561.0,30544.0,34887.0,220857.0,260261.0
"Las Cruces, NM",1117.0,335.0,898.0,3536.0,4434.0,3821.0,8182.0,12003.0,7155.0,13358.0,20513.0,37285.0,172985.0,211387.0
"Las Vegas-Henderson-Paradise, NV",11631.0,3897.0,2761.0,3510.0,6271.0,39354.0,45884.0,85238.0,119494.0,199521.0,319015.0,414421.0,1620151.0,2046203.0
"Laurel, MS Micro Area",,,,,,,,,,,,,,
"Lawrence, KS",2115.0,411.0,103.0,1029.0,1132.0,6099.0,4685.0,10784.0,1811.0,17998.0,19809.0,32136.0,80865.0,115116.0
"Kokomo, IN",99.0,152.0,404.0,119.0,523.0,1168.0,1259.0,2427.0,1574.0,9199.0,10773.0,13875.0,68533.0,82507.0
"La Crosse-Onalaska, WI-MN",411.0,1536.0,956.0,759.0,1715.0,4187.0,1340.0,5527.0,3117.0,10074.0,13191.0,21969.0,112751.0,135131.0
"Lafayette, LA",1661.0,1969.0,2604.0,555.0,3159.0,5841.0,6375.0,12216.0,34224.0,20979.0,55203.0,72547.0,404088.0,478296.0
"Lafayette-West Lafayette, IN",2471.0,2431.0,1897.0,1536.0,3433.0,8570.0,6488.0,15058.0,10770.0,17237.0,28007.0,48929.0,157426.0,208826.0
"LaGrange, GA Micro Area",,,,,,,,,,,,,,
"Lake Charles, LA",410.0,1417.0,737.0,780.0,1517.0,3814.0,2883.0,6697.0,11274.0,17112.0,28386.0,38017.0,162357.0,200784.0
"Lake City, FL Micro Area",,,,,,,,,,,,,,
"Lake Havasu City-Kingman, AZ",246.0,1878.0,352.0,316.0,668.0,10521.0,3871.0,14392.0,11082.0,9377.0,20459.0,37397.0,163831.0,201474.0
"Lakeland-Winter Haven, FL",3234.0,559.0,1860.0,929.0,2789.0,21885.0,9048.0,30933.0,41851.0,23447.0,65298.0,99579.0,524105.0,626918.0
"Lancaster, PA",2130.0,587.0,1056.0,112.0,1168.0,12687.0,5479.0,18166.0,30021.0,6641.0,36662.0,56583.0,467392.0,526105.0
"Lansing-East Lansing, MI",3978.0,1548.0,3948.0,1455.0,5403.0,16152.0,9532.0,25684.0,29728.0,35757.0,65485.0,98120.0,363594.0,465692.0
"Lawton, OK",2509.0,2165.0,932.0,2024.0,2956.0,5463.0,6614.0,12077.0,2657.0,15370.0,18027.0,35225.0,92298.0,130032.0
"Lebanon, PA",1891.0,120.0,574.0,36.0,610.0,3525.0,1227.0,4752.0,3960.0,2668.0,6628.0,12110.0,120900.0,134901.0
"Lewiston, ID-WA",120.0,806.0,113.0,379.0,492.0,912.0,301.0,1213.0,3850.0,5130.0,8980.0,11491.0,49798.0,61409.0
"Lewiston-Auburn, ME",250.0,941.0,510.0,114.0,624.0,2644.0,893.0,3537.0,2631.0,6599.0,9230.0,14332.0,91598.0,106180.0
"Lexington-Fayette, KY",3482.0,4994.0,5031.0,4103.0,9134.0,11100.0,7713.0,18813.0,21559.0,54953.0,76512.0,109453.0,374936.0,487871.0
"Lima, OH",16.0,181.0,1916.0,296.0,2212.0,2029.0,1079.0,3108.0,5258.0,8183.0,13441.0,18942.0,85018.0,103976.0
"Lincoln, NE",2893.0,4834.0,1533.0,1871.0,3404.0,7663.0,6668.0,14331.0,2064.0,41455.0,43519.0,66088.0,246805.0,315786.0
"Little Rock-North Little Rock-Conway, AR",3378.0,5606.0,1781.0,2574.0,4355.0,9602.0,9161.0,18763.0,34136.0,48306.0,82442.0,111166.0,603648.0,718192.0
"Logan, UT-ID",858.0,762.0,313.0,569.0,882.0,5709.0,3014.0,8723.0,5422.0,10189.0,15611.0,25978.0,102335.0,129171.0
"London, KY Micro Area",,,,,,,,,,,,,,
"Longview, TX",1432.0,1470.0,1668.0,1313.0,2981.0,5499.0,4138.0,9637.0,13673.0,11895.0,25568.0,39656.0,173225.0,214313.0
"Manitowoc, WI Micro Area",,,,,,,,,,,,,,
"Mankato-North Mankato, MN",528.0,618.0,802.0,759.0,1561.0,4653.0,1768.0,6421.0,1427.0,5072.0,6499.0,15099.0,81384.0,97011.0
"Mansfield, OH",0.0,0.0,1574.0,1310.0,2884.0,2765.0,1493.0,4258.0,5380.0,9032.0,14412.0,21554.0,98732.0,120286.0
"Marinette, WI-MI Micro Area",,,,,,,,,,,,,,
"Marion, IN Micro Area",,,,,,,,,,,,,,
"Longview, WA",97.0,703.0,547.0,194.0,741.0,2434.0,1178.0,3612.0,6096.0,8414.0,14510.0,19566.0,80643.0,100306.0
"Los Angeles-Long Beach-Anaheim, CA",104160.0,3107.0,3782.0,3798.0,7580.0,113942.0,127893.0,241835.0,555918.0,716757.0,1272675.0,1525197.0,11469959.0,13099316.0
"Louisville/Jefferson County, KY-IN",4430.0,3922.0,2831.0,3895.0,6726.0,13396.0,14043.0,27439.0,56526.0,77017.0,133543.0,171630.0,1072641.0,1248701.0
"Lubbock, TX",663.0,3924.0,723.0,2418.0,3141.0,9835.0,8992.0,18827.0,7091.0,44336.0,51427.0,77319.0,222553.0,300535.0
"Lufkin, TX Micro Area",,,,,,,,,,,,,,
"Lumberton, NC Micro Area",,,,,,,,,,,,,,
"Lynchburg, VA",1143.0,679.0,646.0,105.0,751.0,8722.0,4466.0,13188.0,11044.0,10617.0,21661.0,36279.0,216662.0,254084.0
"Macon, GA",866.0,714.0,879.0,301.0,1180.0,5761.0,2753.0,8514.0,5087.0,21321.0,26408.0,36816.0,192118.0,229800.0
"Madera, CA",374.0,173.0,75.0,21.0,96.0,5135.0,2604.0,7739.0,3470.0,3734.0,7204.0,15212.0,135691.0,151277.0
"Madison, WI",5157.0,2930.0,3581.0,2414.0,5995.0,15687.0,12302.0,27989.0,37779.0,42431.0,80210.0,117124.0,504831.0,627112.0
"Manchester-Nashua, NH",2380.0,179.0,2397.0,494.0,2891.0,10881.0,1544.0,12425.0,12271.0,25916.0,38187.0,53682.0,345109.0,401171.0
"Manhattan, KS",938.0,881.0,995.0,1245.0,2240.0,5773.0,4383.0,10156.0,3798.0,7140.0,10938.0,24215.0,71682.0,96835.0
"Marion, OH Micro Area",,,,,,,,,,,,,,
"Marquette, MI Micro Area",,,,,,,,,,,,,,
"Marshall, TX Micro Area",,,,,,,,,,,,,,
"Martinsville, VA Micro Area",,,,,,,,,,,,,,
"Mayagüez, PR",,,,,,,,,,,,,,
"McAllen-Edinburg-Mission, TX",4379.0,1258.0,1025.0,1345.0,2370.0,3626.0,5651.0,9277.0,35123.0,28707.0,63830.0,76735.0,735702.0,816816.0
