NAME,B07201_014E,B07201_013E,B07201_012E,B07201_011E,B07201_010E,B07201_009E,B07201_008E,B07201_007E,B07201_006E,B07201_005E,B07201_004E,B07201_003E,B07201_002E,B07201_001E
"Springfield, OH",518.0,285.0,451.0,746.0,1197.0,3685.0,1212.0,4897.0,7368.0,7669.0,15037.0,21416.0,111228.0,133162.0
"State College, PA",3191.0,400.0,1756.0,0.0,1756.0,11707.0,4282.0,15989.0,7006.0,9280.0,16286.0,34431.0,123736.0,161358.0
"Statesboro, GA Micro Area",,,,,,,,,,,,,,
"Staunton-Waynesboro, VA",705.0,474.0,386.0,0.0,386.0,4718.0,3059.0,7777.0,8725.0,4003.0,12728.0,21365.0,99085.0,121155.0
"Stevens Point, WI Micro Area",,,,,,,,,,,,,,
"Stillwater, OK Micro Area",,,,,,,,,,,,,,
"Stockton-Lodi, CA",4857.0,1093.0,224.0,384.0,608.0,15257.0,14593.0,29850.0,21956.0,36580.0,58536.0,90087.0,641530.0,736474.0
"Sumter, SC",467.0,913.0,101.0,247.0,348.0,1982.0,1620.0,3602.0,4861.0,6285.0,11146.0,16009.0,89268.0,105744.0
"Syracuse, NY",4343.0,819.0,1706.0,610.0,2316.0,12468.0,7706.0,20174.0,36559.0,22526.0,59085.0,82394.0,561561.0,648298.0
"Talladega-Sylacauga, AL Micro Area",,,,,,,,,,,,,,
"Tallahassee, FL",1348.0,1976.0,499.0,554.0,1053.0,19428.0,9595.0,29023.0,10981.0,33094.0,44075.0,76127.0,304444.0,381919.0
"Tampa-St. Petersburg-Clearwater, FL",27566.0,4277.0,4025.0,3555.0,7580.0,75931.0,50151.0,126082.0,233578.0,130317.0,363895.0,501834.0,2530830.0,3060230.0
"Terre Haute, IN",180.0,2442.0,563.0,1507.0,2070.0,3260.0,1935.0,5195.0,7474.0,11754.0,19228.0,28935.0,134608.0,163723.0
"Texarkana, TX-AR",179.0,1111.0,1138.0,552.0,1690.0,1128.0,1059.0,2187.0,8193.0,2784.0,10977.0,15965.0,134442.0,150586.0
"The Villages, FL",539.0,873.0,341.0,85.0,426.0,8619.0,843.0,9462.0,1575.0,2183.0,3758.0,14519.0,109712.0,124770.0
"Toledo, OH",1937.0,1601.0,3971.0,1527.0,5498.0,11438.0,6969.0,18407.0,32725.0,35130.0,67855.0,93361.0,500727.0,596025.0
"Topeka, KS",532.0,1308.0,300.0,793.0,1093.0,3545.0,3973.0,7518.0,6273.0,12969.0,19242.0,29161.0,200789.0,230482.0
"Torrington, CT Micro Area",,,,,,,,,,,,,,
"Traverse City, MI Micro Area",,,,,,,,,,,,,,
"Trenton, NJ",3054.0,0.0,0.0,0.0,0.0,21143.0,7166.0,28309.0,18273.0,13686.0,31959.0,60268.0,307280.0,370602.0
"Truckee-Grass Valley, CA Micro Area",,,,,,,,,,,,,,
"Tucson, AZ",8953.0,1558.0,2049.0,1540.0,3589.0,30143.0,23691.0,53834.0,44945.0,95341.0,140286.0,199267.0,803530.0,1011750.0
"Tullahoma-Manchester, TN Micro Area",,,,,,,,,,,,,,
"Tulsa, OK",3601.0,4357.0,3390.0,5860.0,9250.0,12494.0,10065.0,22559.0,56881.0,67083.0,123964.0,160130.0,813502.0,977233.0
"Tupelo, MS Micro Area",,,,,,,,,,,,,,
"Tyler, TX",687.0,952.0,1132.0,1073.0,2205.0,5458.0,3951.0,9409.0,6789.0,6959.0,13748.0,26314.0,198458.0,225459.0
"Ukiah, CA Micro Area",,,,,,,,,,,,,,
"Urban Honolulu, HI",14387.0,62.0,2689.0,871.0,3560.0,18520.0,16522.0,35042.0,47049.0,33783.0,80832.0,119496.0,843097.0,976980.0
"Utica-Rome, NY",519.0,252.0,1333.0,718.0,2051.0,4403.0,3408.0,7811.0,11827.0,10826.0,22653.0,32767.0,257036.0,290322.0
"Valdosta, GA",941.0,1832.0,1042.0,512.0,1554.0,3828.0,2156.0,5984.0,5283.0,4187.0,9470.0,18840.0,123622.0,143403.0
"Vallejo-Fairfield, CA",1687.0,83.0,629.0,185.0,814.0,15963.0,14373.0,30336.0,14951.0,15468.0,30419.0,61652.0,376728.0,440067.0
"Victoria, TX",219.0,1532.0,0.0,229.0,229.0,561.0,2193.0,2754.0,2578.0,6617.0,9195.0,13710.0,84844.0,98773.0
"Vineland-Bridgeton, NJ",1204.0,0.0,0.0,0.0,0.0,4004.0,2134.0,6138.0,2990.0,9290.0,12280.0,18418.0,131661.0,151283.0
"Virginia Beach-Norfolk-Newport News, VA-NC",15771.0,6239.0,4587.0,5312.0,9899.0,46686.0,32004.0,78690.0,57468.0,143214.0,200682.0,295510.0,1391095.0,1702376.0
"Visalia-Porterville, CA",853.0,260.0,251.0,420.0,671.0,4667.0,6792.0,11459.0,23303.0,18821.0,42124.0,54514.0,401895.0,457262.0
"Waco, TX",807.0,1138.0,1514.0,848.0,2362.0,9478.0,9653.0,19131.0,17843.0,20274.0,38117.0,60748.0,202403.0,263958.0
"Tuscaloosa, AL",509.0,977.0,505.0,56.0,561.0,9370.0,6055.0,15425.0,8613.0,13708.0,22321.0,39284.0,199002.0,238795.0
"Twin Falls, ID Micro Area",,,,,,,,,,,,,,
"Walla Walla, WA",239.0,70.0,1170.0,1022.0,2192.0,2194.0,4318.0,6512.0,1732.0,2453.0,4185.0,12959.0,51169.0,64367.0
"Warner Robins, GA",1036.0,2050.0,662.0,236.0,898.0,6305.0,3875.0,10180.0,6086.0,11558.0,17644.0,30772.0,158269.0,190077.0
"Warsaw, IN Micro Area",,,,,,,,,,,,,,
"Washington-Arlington-Alexandria, DC-VA-MD-WV",79123.0,8828.0,4312.0,3285.0,7597.0,116496.0,96308.0,212804.0,402388.0,209425.0,611813.0,841042.0,5223610.0,6143775.0
"Waterloo-Cedar Falls, IA",936.0,2659.0,154.0,1745.0,1899.0,2870.0,2427.0,5297.0,3377.0,12973.0,16350.0,26205.0,140420.0,167561.0
"Watertown-Fort Atkinson, WI Micro Area",,,,,,,,,,,,,,
"Watertown-Fort Drum, NY",1828.0,715.0,817.0,287.0,1104.0,5043.0,4545.0,9588.0,4241.0,3400.0,7641.0,19048.0,89806.0,110682.0
"Wausau, WI",135.0,1701.0,1107.0,414.0,1521.0,1810.0,1275.0,3085.0,6222.0,4366.0,10588.0,16895.0,117083.0,134113.0
"Weirton-Steubenville, WV-OH",159.0,551.0,360.0,54.0,414.0,3770.0,1098.0,4868.0,4225.0,4192.0,8417.0,14250.0,104151.0,118560.0
"Wenatchee, WA",227.0,379.0,593.0,356.0,949.0,1334.0,1450.0,2784.0,5746.0,5779.0,11525.0,15637.0,101580.0,117444.0
"Wheeling, WV-OH",150.0,288.0,458.0,75.0,533.0,4024.0,518.0,4542.0,4625.0,1411.0,6036.0,11399.0,128435.0,139984.0
"Whitewater-Elkhorn, WI Micro Area",,,,,,,,,,,,,,
"Wichita, KS",3578.0,2895.0,1125.0,2951.0,4076.0,9570.0,10815.0,20385.0,21074.0,55230.0,76304.0,103660.0,531360.0,638598.0
"Wichita Falls, TX",1545.0,1194.0,2602.0,777.0,3379.0,6067.0,2568.0,8635.0,2344.0,11885.0,14229.0,27437.0,119974.0,148956.0
"Williamsport, PA",695.0,315.0,948.0,222.0,1170.0,2613.0,1058.0,3671.0,4950.0,5294.0,10244.0,15400.0,96289.0,112384.0
"Wilmington, NC",905.0,1260.0,2046.0,765.0,2811.0,10499.0,4778.0,15277.0,12589.0,14333.0,26922.0,46270.0,237519.0,284694.0
"Wilson, NC Micro Area",,,,,,,,,,,,,,
"Wisconsin Rapids-Marshfield, WI Micro Area",,,,,,,,,,,,,,
"Wooster, OH Micro Area",,,,,,,,,,,,,,
"Worcester, MA-CT",8393.0,587.0,1339.0,43.0,1382.0,21239.0,10273.0,31512.0,46433.0,13033.0,59466.0,92947.0,830691.0,932031.0
"Yakima, WA",788.0,262.0,817.0,586.0,1403.0,4293.0,5171.0,9464.0,9673.0,12600.0,22273.0,33402.0,212430.0,246620.0
"York-Hanover, PA",2707.0,218.0,1028.0,176.0,1204.0,13185.0,4167.0,17352.0,26979.0,8123.0,35102.0,53876.0,384324.0,440907.0
"Youngstown-Warren-Boardman, OH-PA",1659.0,136.0,1451.0,2090.0,3541.0,7269.0,4020.0,11289.0,27223.0,10389.0,37612.0,52578.0,480126.0,534363.0
"Yuba City, CA",704.0,99.0,656.0,41.0,697.0,2074.0,2720.0,4794.0,6868.0,6296.0,13164.0,18754.0,151118.0,170576.0
"Yuma, AZ",2030.0,247.0,1307.0,717.0,2024.0,5084.0,4654.0,9738.0,9020.0,10759.0,19779.0,31788.0,170727.0,204545.0
"Zanesville, OH Micro Area",,,,,,,,,,,,,,
"Winchester, VA-WV",1045.0,841.0,220.0,97.0,317.0,5076.0,1219.0,6295.0,4899.0,1537.0,6436.0,13889.0,122619.0,137553.0
"Erie, PA",1428.0,605.0,1575.0,646.0,2221.0,4072.0,3457.0,7529.0,14484.0,20028.0,34512.0,44867.0,226017.0,272312.0
"Eugene, OR",2481.0,1243.0,1837.0,1335.0,3172.0,13336.0,9830.0,23166.0,19018.0,28556.0,47574.0,75155.0,294070.0,371706.0
"Eureka-Arcata-Fortuna, CA Micro Area",,,,,,,,,,,,,,
"Evansville, IN-KY",853.0,3493.0,2258.0,687.0,2945.0,4389.0,3577.0,7966.0,18131.0,18959.0,37090.0,51494.0,260086.0,312433.0
"Fairbanks, AK",403.0,646.0,284.0,44.0,328.0,2550.0,3432.0,5982.0,5960.0,7197.0,13157.0,20113.0,77872.0,98388.0
"Fargo, ND-MN",1089.0,4023.0,2374.0,1530.0,3904.0,5153.0,3205.0,8358.0,9609.0,22269.0,31878.0,48163.0,188995.0,238247.0
"Faribault-Northfield, MN Micro Area",,,,,,,,,,,,,,
"Farmington, MO Micro Area",,,,,,,,,,,,,,
"Farmington, NM",125.0,262.0,336.0,419.0,755.0,1796.0,1990.0,3786.0,7112.0,3447.0,10559.0,15362.0,109552.0,125039.0
"Fayetteville, NC",4762.0,1644.0,5129.0,1810.0,6939.0,20237.0,8576.0,28813.0,11683.0,21089.0,32772.0,70168.0,304855.0,379785.0
"Fayetteville-Springdale-Rogers, AR-MO",2238.0,2349.0,1774.0,1623.0,3397.0,11477.0,15992.0,27469.0,16728.0,33874.0,50602.0,83817.0,441157.0,527212.0
"Flagstaff, AZ",530.0,1065.0,697.0,423.0,1120.0,9434.0,6588.0,16022.0,3137.0,10524.0,13661.0,31868.0,107024.0,139422.0
"Flint, MI",383.0,887.0,268.0,227.0,495.0,7782.0,4644.0,12426.0,24226.0,11483.0,35709.0,49517.0,353045.0,402945.0
"Florence, SC",287.0,3788.0,15.0,309.0,324.0,1631.0,2263.0,3894.0,9784.0,5831.0,15615.0,23621.0,178679.0,202587.0
"Florence-Muscle Shoals, AL",1075.0,1918.0,811.0,17.0,828.0,3058.0,1309.0,4367.0,6094.0,8876.0,14970.0,22083.0,123209.0,146367.0
"Fond du Lac, WI",459.0,628.0,370.0,104.0,474.0,1378.0,2434.0,3812.0,3412.0,6458.0,9870.0,14784.0,86154.0,101397.0
"Forest City, NC Micro Area",,,,,,,,,,,,,,
"Fort Collins, CO",2421.0,1343.0,715.0,3192.0,3907.0,14451.0,10058.0,24509.0,8891.0,21017.0,29908.0,59667.0,277496.0,339584.0
"Fort Payne, AL Micro Area",,,,,,,,,,,,,,
"Fort Smith, AR-OK",343.0,2830.0,504.0,545.0,1049.0,4589.0,5148.0,9737.0,19751.0,12856.0,32607.0,46223.0,231349.0,277915.0
"Findlay, OH Micro Area",,,,,,,,,,,,,,
"Gallup, NM Micro Area",,,,,,,,,,,,,,
"Gettysburg, PA",228.0,60.0,257.0,93.0,350.0,3134.0,1478.0,4612.0,3985.0,1058.0,5043.0,10065.0,91264.0,101557.0
"Fort Wayne, IN",626.0,814.0,2893.0,2343.0,5236.0,6607.0,5486.0,12093.0,10146.0,29477.0,39623.0,57766.0,371761.0,430153.0
"Frankfort, KY Micro Area",,,,,,,,,,,,,,
"Fresno, CA",5539.0,1542.0,673.0,130.0,803.0,12227.0,12878.0,25105.0,33928.0,69058.0,102986.0,130436.0,840681.0,976656.0
"Gadsden, AL",88.0,144.0,71.0,25.0,96.0,4802.0,340.0,5142.0,3095.0,5821.0,8916.0,14298.0,87420.0,101806.0
"Gainesville, FL",4152.0,1342.0,453.0,524.0,977.0,15411.0,8589.0,24000.0,10740.0,18770.0,29510.0,55829.0,222737.0,282718.0
"Gainesville, GA",123.0,1051.0,38.0,411.0,449.0,9626.0,1513.0,11139.0,9017.0,3936.0,12953.0,25592.0,171409.0,197124.0
"Glens Falls, NY",48.0,657.0,639.0,202.0,841.0,3707.0,982.0,4689.0,13047.0,996.0,14043.0,20230.0,105220.0,125498.0
"Glenwood Springs, CO Micro Area",,,,,,,,,,,,,,
"Goldsboro, NC",546.0,301.0,264.0,188.0,452.0,4308.0,1337.0,5645.0,6613.0,2761.0,9374.0,15772.0,106048.0,122366.0
"Grand Forks, ND-MN",603.0,2320.0,448.0,2446.0,2894.0,3375.0,3892.0,7267.0,2882.0,7164.0,10046.0,22527.0,78247.0,101377.0
"Grand Island, NE",368.0,443.0,214.0,178.0,392.0,39.0,452.0,491.0,3381.0,4865.0,8246.0,9572.0,74716.0,84656.0
"Grand Junction, CO",326.0,820.0,889.0,1124.0,2013.0,2776.0,2352.0,5128.0,9950.0,9952.0,19902.0,27863.0,121392.0,149581.0
"Kalamazoo-Portage, MI",1386.0,495.0,3483.0,864.0,4347.0,7746.0,6081.0,13827.0,20642.0,22156.0,42798.0,61467.0,271421.0,334274.0
"Kalispell, MT Micro Area",,,,,,,,,,,,,,
"Kankakee, IL",116.0,453.0,66.0,36.0,102.0,2532.0,591.0,3123.0,5541.0,2189.0,7730.0,11408.0,96841.0,108365.0
"Kansas City, MO-KS",7231.0,5691.0,5874.0,6281.0,12155.0,24717.0,33344.0,58061.0,129815.0,106497.0,236312.0,312219.0,1780165.0,2099615.0
"Kapaa, HI Micro Area",,,,,,,,,,,,,,
"Keene, NH Micro Area",,,,,,,,,,,,,,
"Kennewick-Richland, WA",1200.0,104.0,366.0,2123.0,2489.0,6828.0,3584.0,10412.0,8058.0,16546.0,24604.0,37609.0,248554.0,287363.0
"Key West, FL Micro Area",,,,,,,,,,,,,,
"Killeen-Temple, TX",5922.0,2862.0,2320.0,1316.0,3636.0,22645.0,13490.0,36135.0,18226.0,34133.0,52359.0,94992.0,334391.0,435305.0
"Kingsport-Bristol-Bristol, TN-VA",433.0,2279.0,1829.0,614.0,2443.0,5791.0,1756.0,7547.0,15767.0,11005.0,26772.0,39041.0,264098.0,303572.0
"Kingston, NY",506.0,334.0,73.0,252.0,325.0,3957.0,2500.0,6457.0,8785.0,2520.0,11305.0,18421.0,158946.0,177873.0
"Klamath Falls, OR Micro Area",,,,,,,,,,,,,,
"Knoxville, TN",2513.0,4273.0,3576.0,2596.0,6172.0,15675.0,13216.0,28891.0,54940.0,33505.0,88445.0,127781.0,740010.0,870304.0
"Grand Rapids-Wyoming, MI",4281.0,3437.0,6893.0,3383.0,10276.0,18721.0,12611.0,31332.0,71920.0,41607.0,113527.0,158572.0,881565.0,1044418.0
"Grants Pass, OR",234.0,13.0,910.0,51.0,961.0,3003.0,825.0,3828.0,3910.0,4775.0,8685.0,13487.0,71614.0,85335.0
"Great Falls, MT",945.0,2543.0,296.0,607.0,903.0,1064.0,919.0,1983.0,1607.0,4737.0,6344.0,11773.0,68122.0,80840.0
"Greeley, CO",1205.0,1031.0,807.0,1771.0,2578.0,12777.0,7358.0,20135.0,11735.0,10152.0,21887.0,45631.0,253597.0,300433.0
"Green Bay, WI",1165.0,1013.0,1702.0,1951.0,3653.0,4679.0,3562.0,8241.0,19587.0,10384.0,29971.0,42878.0,272525.0,316568.0
"Greeneville, TN Micro Area",,,,,,,,,,,,,,
"Greenfield Town, MA Micro Area",,,,,,,,,,,,,,
"Greensboro-High Point, NC",3546.0,2335.0,2383.0,990.0,3373.0,16560.0,15096.0,31656.0,20540.0,43072.0,63612.0,100976.0,646741.0,751263.0
"Greenville, NC",391.0,888.0,1356.0,1475.0,2831.0,5195.0,7842.0,13037.0,1926.0,18139.0,20065.0,36821.0,139785.0,176997.0
"Greenville-Anderson-Mauldin, SC",5499.0,2304.0,5673.0,2767.0,8440.0,23461.0,10855.0,34316.0,65414.0,26470.0,91884.0,136944.0,742209.0,884652.0
"Greenwood, SC Micro Area",,,,,,,,,,,,,,
"Aberdeen, WA Micro Area",,,,,,,,,,,,,,
"Abilene, TX",912.0,2349.0,865.0,1764.0,2629.0,3552.0,6565.0,10117.0,3520.0,16166.0,19686.0,34781.0,131207.0,166900.0
"Kokomo, IN",133.0,463.0,304.0,465.0,769.0,1601.0,812.0,2413.0,912.0,6189.0,7101.0,10746.0,70806.0,81685.0
"La Crosse-Onalaska, WI-MN",364.0,2068.0,727.0,338.0,1065.0,3979.0,1359.0,5338.0,4122.0,10141.0,14263.0,22734.0,112608.0,135706.0
"Lafayette, LA",1651.0,317.0,879.0,754.0,1633.0,6184.0,4002.0,10186.0,32967.0,16212.0,49179.0,61315.0,422313.0,485279.0
"Lafayette-West Lafayette, IN",3945.0,2255.0,1400.0,770.0,2170.0,10303.0,5245.0,15548.0,12132.0,22829.0,34961.0,54934.0,157118.0,215997.0
"LaGrange, GA Micro Area",,,,,,,,,,,,,,
"Lake Charles, LA",370.0,313.0,32.0,653.0,685.0,2196.0,2280.0,4476.0,6744.0,10231.0,16975.0,22449.0,185491.0,208310.0
"Lake City, FL Micro Area",,,,,,,,,,,,,,
"Lake Havasu City-Kingman, AZ",222.0,1625.0,574.0,432.0,1006.0,9458.0,6389.0,15847.0,12005.0,9738.0,21743.0,40221.0,164658.0,205101.0
"Lakeland-Winter Haven, FL",6553.0,1475.0,1251.0,1297.0,2548.0,28111.0,11844.0,39955.0,23038.0,18141.0,41179.0,85157.0,587042.0,678752.0
"Lancaster, PA",1953.0,687.0,327.0,424.0,751.0,14616.0,5806.0,20422.0,33296.0,8005.0,41301.0,63161.0,471960.0,537074.0
"Lansing-East Lansing, MI",3484.0,790.0,3988.0,1471.0,5459.0,19567.0,8583.0,28150.0,31082.0,30899.0,61981.0,96380.0,370979.0,470843.0
"Laredo, TX",3608.0,90.0,39.0,267.0,306.0,1132.0,3013.0,4145.0,429.0,22871.0,23300.0,27841.0,240277.0,271726.0
"Las Cruces, NM",1535.0,526.0,2009.0,728.0,2737.0,4063.0,5231.0,9294.0,5850.0,9563.0,15413.0,27970.0,183858.0,213363.0
"Las Vegas-Henderson-Paradise, NV",14357.0,4021.0,4058.0,4912.0,8970.0,49462.0,44070.0,93532.0,99161.0,181051.0,280212.0,386735.0,1777944.0,2179036.0
"Laurel, MS Micro Area",,,,,,,,,,,,,,
"Lawrence, KS",760.0,551.0,221.0,1327.0,1548.0,7604.0,4317.0,11921.0,939.0,17369.0,18308.0,32328.0,86498.0,119586.0
"Lawton, OK",2460.0,1441.0,573.0,1859.0,2432.0,7038.0,5844.0,12882.0,2785.0,13379.0,16164.0,32919.0,90330.0,125709.0
"Lebanon, PA",1848.0,32.0,333.0,0.0,333.0,3461.0,3868.0,7329.0,5329.0,3578.0,8907.0,16601.0,119442.0,137891.0
"Lewiston, ID-WA",4.0,208.0,886.0,0.0,886.0,910.0,1369.0,2279.0,2116.0,3182.0,5298.0,8671.0,53607.0,62282.0
"Lewiston-Auburn, ME",617.0,1176.0,461.0,42.0,503.0,3565.0,1390.0,4955.0,3725.0,5228.0,8953.0,15587.0,89543.0,105747.0
"Lexington-Fayette, KY",2510.0,5858.0,2880.0,3258.0,6138.0,9022.0,7379.0,16401.0,22625.0,58321.0,80946.0,109343.0,394676.0,506529.0
"Lima, OH",756.0,767.0,1315.0,694.0,2009.0,1215.0,761.0,1976.0,2955.0,7069.0,10024.0,14776.0,87071.0,102603.0
"Lincoln, NE",1982.0,3868.0,984.0,3216.0,4200.0,7885.0,7801.0,15686.0,1944.0,38866.0,40810.0,64564.0,260845.0,327391.0
"Little Rock-North Little Rock-Conway, AR",2227.0,4799.0,2362.0,1980.0,4342.0,9392.0,7224.0,16616.0,36605.0,34912.0,71517.0,97274.0,629902.0,729403.0
"Logan, UT-ID",2136.0,1140.0,704.0,2035.0,2739.0,4595.0,2316.0,6911.0,4411.0,8793.0,13204.0,23994.0,109547.0,135677.0
"London, KY Micro Area",,,,,,,,,,,,,,
"Longview, TX",464.0,3125.0,1128.0,1233.0,2361.0,4751.0,5009.0,9760.0,16380.0,9292.0,25672.0,40918.0,172310.0,213692.0
"Longview, WA",113.0,715.0,259.0,173.0,432.0,5014.0,3672.0,8686.0,6260.0,7598.0,13858.0,23691.0,81935.0,105739.0
"Los Angeles-Long Beach-Anaheim, CA",97756.0,1242.0,3813.0,4986.0,8799.0,105931.0,132677.0,238608.0,430998.0,603081.0,1034079.0,1282728.0,11830109.0,13210593.0
"Louisville/Jefferson County, KY-IN",5099.0,4342.0,5101.0,2959.0,8060.0,13897.0,13303.0,27200.0,58801.0,77762.0,136563.0,176165.0,1098993.0,1280257.0
"Lubbock, TX",969.0,2009.0,795.0,7305.0,8100.0,7385.0,12192.0,19577.0,4527.0,38348.0,42875.0,72561.0,239862.0,313392.0
"Adrian, MI Micro Area",,,,,,,,,,,,,,
"Aguadilla-Isabela, PR",,,,,,,,,,,,,,
"Akron, OH",2000.0,1126.0,1516.0,927.0,2443.0,20393.0,8901.0,29294.0,38372.0,25457.0,63829.0,96692.0,597521.0,696213.0
"Alamogordo, NM Micro Area",,,,,,,,,,,,,,
"Albany, GA",197.0,336.0,444.0,629.0,1073.0,2454.0,713.0,3167.0,8253.0,13779.0,22032.0,26608.0,123536.0,150341.0
"Albany, OR",779.0,247.0,320.0,1091.0,1411.0,4514.0,5398.0,9912.0,3308.0,2674.0,5982.0,17552.0,104620.0,122951.0
"Albany-Schenectady-Troy, NY",4344.0,1012.0,2868.0,1382.0,4250.0,20188.0,13287.0,33475.0,50702.0,29296.0,79998.0,118735.0,754305.0,877384.0
"Albertville, AL Micro Area",,,,,,,,,,,,,,
"Albuquerque, NM",3121.0,867.0,2122.0,2487.0,4609.0,9988.0,12987.0,22975.0,18675.0,59289.0,77964.0,106415.0,791895.0,901431.0
"Alexandria, LA",52.0,1637.0,354.0,8.0,362.0,1065.0,2520.0,3585.0,9824.0,3933.0,13757.0,19341.0,132877.0,152270.0
"Allentown-Bethlehem-Easton, PA-NJ",3225.0,678.0,742.0,117.0,859.0,17714.0,12289.0,30003.0,41550.0,27303.0,68853.0,100393.0,729579.0,833197.0
"Altoona, PA",318.0,519.0,1429.0,43.0,1472.0,2986.0,797.0,3783.0,4376.0,3159.0,7535.0,13309.0,108769.0,122396.0
"Amarillo, TX",576.0,1678.0,1509.0,2041.0,3550.0,1318.0,4697.0,6015.0,2903.0,31251.0,34154.0,45397.0,216217.0,262190.0
"Ames, IA",1079.0,2872.0,1400.0,875.0,2275.0,5134.0,3317.0,8451.0,1676.0,13591.0,15267.0,28865.0,66592.0,96536.0
"Anchorage, AK",4357.0,3611.0,688.0,990.0,1678.0,9334.0,5040.0,14374.0,11809.0,40781.0,52590.0,72253.0,319363.0,395973.0
"Ann Arbor, MI",4488.0,1268.0,1747.0,462.0,2209.0,18418.0,14767.0,33185.0,18757.0,20480.0,39237.0,75899.0,284328.0,364715.0
"Anniston-Oxford-Jacksonville, AL",251.0,1001.0,1613.0,290.0,1903.0,2889.0,837.0,3726.0,4591.0,7173.0,11764.0,18394.0,94719.0,113364.0
"Appleton, WI",164.0,1035.0,730.0,437.0,1167.0,4443.0,3072.0,7515.0,6924.0,5075.0,11999.0,21716.0,211300.0,233180.0
"Arecibo, PR",,,,,,,,,,,,,,
"Asheville, NC",738.0,1427.0,2043.0,652.0,2695.0,7196.0,8565.0,15761.0,21582.0,13344.0,34926.0,54809.0,397184.0,452731.0
"Ashtabula, OH Micro Area",,,,,,,,,,,,,,
"Athens, OH Micro Area",,,,,,,,,,,,,,
"Athens, TX Micro Area",,,,,,,,,,,,,,
"Athens-Clarke County, GA",703.0,1352.0,641.0,2229.0,2870.0,13327.0,7068.0,20395.0,4144.0,16786.0,20930.0,45547.0,157980.0,204230.0
"Atlanta-Sandy Springs-Roswell, GA",37305.0,8650.0,7509.0,6869.0,14378.0,78639.0,83664.0,162303.0,494618.0,122104.0,616722.0,802053.0,4969416.0,5808774.0
"Atlantic City-Hammonton, NJ",2465.0,0.0,71.0,0.0,71.0,9330.0,5794.0,15124.0,15612.0,6762.0,22374.0,37569.0,226405.0,266439.0
"Auburn, NY Micro Area",,,,,,,,,,,,,,
"Auburn-Opelika, AL",291.0,577.0,1432.0,809.0,2241.0,6329.0,6688.0,13017.0,3978.0,7206.0,11184.0,27019.0,132228.0,159538.0
"Augusta-Richmond County, GA-SC",2638.0,2316.0,805.0,1332.0,2137.0,10613.0,10690.0,21303.0,36424.0,22319.0,58743.0,84499.0,506404.0,593541.0
"Augusta-Waterville, ME Micro Area",,,,,,,,,,,,,,
"Austin-Round Rock, TX",19824.0,5222.0,1098.0,1946.0,3044.0,51398.0,64962.0,116360.0,87030.0,150536.0,237566.0,362192.0,1707036.0,2089052.0
"Bakersfield, CA",2522.0,1369.0,157.0,666.0,823.0,19911.0,18574.0,38485.0,44727.0,42488.0,87215.0,127892.0,748160.0,878574.0
"Baltimore-Columbia-Towson, MD",15478.0,1849.0,445.0,1977.0,2422.0,42357.0,38163.0,80520.0,168654.0,88949.0,257603.0,342394.0,2418918.0,2776790.0
"Bangor, ME",382.0,3134.0,895.0,88.0,983.0,3312.0,1549.0,4861.0,10288.0,3281.0,13569.0,22547.0,127439.0,150368.0
"Barnstable Town, MA",2268.0,395.0,289.0,418.0,707.0,6837.0,2044.0,8881.0,7846.0,1458.0,9304.0,19287.0,189932.0,211487.0
"Baton Rouge, LA",1315.0,1697.0,2618.0,643.0,3261.0,14641.0,10924.0,25565.0,50277.0,35991.0,86268.0,116791.0,705764.0,823870.0
"Battle Creek, MI",802.0,66.0,673.0,817.0,1490.0,3382.0,1517.0,4899.0,8164.0,5829.0,13993.0,20448.0,111437.0,132687.0
"Lufkin, TX Micro Area",,,,,,,,,,,,,,
"Lumberton, NC Micro Area",,,,,,,,,,,,,,
"Lynchburg, VA",1163.0,803.0,750.0,443.0,1193.0,8917.0,4325.0,13242.0,12806.0,11414.0,24220.0,39458.0,216678.0,257299.0
"Macon-Bibb County, GA",605.0,1078.0,585.0,1665.0,2250.0,4447.0,5166.0,9613.0,5104.0,12509.0,17613.0,30554.0,193970.0,225129.0
"Madera, CA",495.0,21.0,161.0,0.0,161.0,4322.0,5790.0,10112.0,4345.0,6390.0,10735.0,21029.0,133734.0,155258.0
"Madison, WI",6990.0,2386.0,3600.0,2488.0,6088.0,13162.0,14166.0,27328.0,28285.0,37893.0,66178.0,101980.0,537192.0,646162.0
"Manchester-Nashua, NH",2707.0,288.0,3914.0,2057.0,5971.0,18105.0,4636.0,22741.0,10553.0,22869.0,33422.0,62422.0,339592.0,404721.0
"Manhattan, KS",1132.0,645.0,1028.0,1482.0,2510.0,3438.0,3375.0,6813.0,3072.0,9678.0,12750.0,22718.0,72916.0,96766.0
"Manitowoc, WI Micro Area",,,,,,,,,,,,,,
"Mankato-North Mankato, MN",282.0,961.0,173.0,1300.0,1473.0,3228.0,1734.0,4962.0,2902.0,6137.0,9039.0,16435.0,83528.0,100245.0
"Mansfield, OH",315.0,214.0,677.0,965.0,1642.0,1522.0,2366.0,3888.0,4209.0,5650.0,9859.0,15603.0,103690.0,119608.0
"Marinette, WI-MI Micro Area",,,,,,,,,,,,,,
"Marion, IN Micro Area",,,,,,,,,,,,,,
"New Bern, NC",579.0,827.0,1244.0,1846.0,3090.0,5120.0,2473.0,7593.0,4622.0,2207.0,6829.0,18339.0,105328.0,124246.0
"Oak Harbor, WA Micro Area",,,,,,,,,,,,,,
"Ocala, FL",833.0,1228.0,923.0,148.0,1071.0,12614.0,7241.0,19855.0,14056.0,8756.0,22812.0,44966.0,306274.0,352073.0
"Ocean City, NJ",66.0,0.0,338.0,0.0,338.0,4220.0,1129.0,5349.0,4478.0,1890.0,6368.0,12055.0,80858.0,92979.0
"Odessa, TX",1263.0,285.0,219.0,1016.0,1235.0,1993.0,4564.0,6557.0,3762.0,16699.0,20461.0,28538.0,124999.0,154800.0
"Ogden-Clearfield, UT",4422.0,1876.0,349.0,482.0,831.0,12272.0,14374.0,26646.0,48008.0,23401.0,71409.0,100762.0,550518.0,655702.0
"Ogdensburg-Massena, NY Micro Area",,,,,,,,,,,,,,
"Oklahoma City, OK",4415.0,7865.0,2655.0,7937.0,10592.0,19340.0,22785.0,42125.0,85937.0,89135.0,175072.0,235654.0,1122198.0,1362267.0
"Olean, NY Micro Area",,,,,,,,,,,,,,
"Olympia-Tumwater, WA",2377.0,996.0,1542.0,1082.0,2624.0,13067.0,9954.0,23021.0,16282.0,11578.0,27860.0,54501.0,220450.0,277328.0
"Omaha-Council Bluffs, NE-IA",7107.0,4180.0,883.0,3687.0,4570.0,11030.0,13839.0,24869.0,42691.0,66537.0,109228.0,142847.0,771312.0,921266.0
"Opelousas, LA Micro Area",,,,,,,,,,,,,,
"Orangeburg, SC Micro Area",,,,,,,,,,,,,,
"Orlando-Kissimmee-Sanford, FL",45988.0,1247.0,3107.0,1795.0,4902.0,65068.0,47393.0,112461.0,163118.0,67671.0,230789.0,349399.0,2087256.0,2482643.0
"Oshkosh-Neenah, WI",260.0,547.0,634.0,459.0,1093.0,6768.0,5668.0,12436.0,3843.0,12871.0,16714.0,30790.0,137658.0,168708.0
"Ottawa-Peru, IL Micro Area",,,,,,,,,,,,,,
"Owensboro, KY",43.0,1572.0,525.0,174.0,699.0,581.0,963.0,1544.0,6604.0,7992.0,14596.0,18411.0,98163.0,116617.0
"Bay City, MI",0.0,2366.0,320.0,205.0,525.0,1822.0,2747.0,4569.0,3185.0,2320.0,5505.0,12965.0,90437.0,103402.0
"Beaumont-Port Arthur, TX",877.0,725.0,276.0,724.0,1000.0,9794.0,6208.0,16002.0,22569.0,13941.0,36510.0,54237.0,352276.0,407390.0
"Beaver Dam, WI Micro Area",,,,,,,,,,,,,,
"Beckley, WV",340.0,1313.0,1160.0,34.0,1194.0,625.0,866.0,1491.0,3967.0,1155.0,5122.0,9120.0,107850.0,117310.0
"Bellingham, WA",495.0,781.0,1888.0,855.0,2743.0,6727.0,5362.0,12089.0,9105.0,17156.0,26261.0,41874.0,176860.0,219229.0
"Bend-Redmond, OR",1628.0,1195.0,454.0,1276.0,1730.0,6577.0,3487.0,10064.0,2673.0,15275.0,17948.0,30937.0,153344.0,185909.0
"Billings, MT",890.0,4649.0,223.0,587.0,810.0,1622.0,2090.0,3712.0,3045.0,12335.0,15380.0,24551.0,144495.0,169936.0
"Binghamton, NY",1795.0,1064.0,1078.0,129.0,1207.0,6528.0,3265.0,9793.0,11228.0,9037.0,20265.0,32329.0,206050.0,240174.0
"Birmingham-Hoover, AL",2608.0,3837.0,3846.0,1764.0,5610.0,16539.0,13659.0,30198.0,72577.0,45065.0,117642.0,157287.0,975738.0,1135633.0
"Bismarck, ND",542.0,2072.0,1034.0,793.0,1827.0,1025.0,1091.0,2116.0,2904.0,10275.0,13179.0,19194.0,109966.0,129702.0
"Blacksburg-Christiansburg-Radford, VA",1534.0,655.0,662.0,306.0,968.0,8647.0,3455.0,12102.0,5671.0,13431.0,19102.0,32827.0,146178.0,180539.0
"Bloomington, IL",559.0,18.0,613.0,848.0,1461.0,5824.0,2495.0,8319.0,9763.0,4618.0,14381.0,24179.0,159804.0,184542.0
"Bloomington, IN",2802.0,1110.0,1737.0,1829.0,3566.0,8333.0,7236.0,15569.0,7213.0,18933.0,26146.0,46391.0,116754.0,165947.0
"Bloomsburg-Berwick, PA",0.0,173.0,361.0,17.0,378.0,1705.0,1387.0,3092.0,2011.0,1342.0,3353.0,6996.0,76730.0,83726.0
"Bluefield, WV-VA Micro Area",,,,,,,,,,,,,,
"Boise City, ID",3634.0,2673.0,3337.0,3253.0,6590.0,15280.0,15008.0,30288.0,56129.0,28672.0,84801.0,124352.0,573570.0,701556.0
"Boston-Cambridge-Newton, MA-NH",60627.0,3612.0,6030.0,2045.0,8075.0,71467.0,61822.0,133289.0,323212.0,132549.0,455761.0,600737.0,4125404.0,4786768.0
"Boulder, CO",3284.0,680.0,879.0,609.0,1488.0,17818.0,18413.0,36231.0,15299.0,20064.0,35363.0,73762.0,242281.0,319327.0
"Bowling Green, KY",453.0,2764.0,707.0,755.0,1462.0,4681.0,5729.0,10410.0,7795.0,10243.0,18038.0,32674.0,142355.0,175482.0
"Bozeman, MT Micro Area",,,,,,,,,,,,,,
"Brainerd, MN Micro Area",,,,,,,,,,,,,,
"Branson, MO Micro Area",,,,,,,,,,,,,,
"Oxnard-Thousand Oaks-Ventura, CA",4823.0,196.0,298.0,0.0,298.0,15217.0,15715.0,30932.0,22212.0,41985.0,64197.0,95623.0,742755.0,843201.0
"Paducah, KY-IL Micro Area",,,,,,,,,,,,,,
"Palatka, FL Micro Area",,,,,,,,,,,,,,
"Palm Bay-Melbourne-Titusville, FL",3478.0,330.0,1759.0,2597.0,4356.0,21897.0,6730.0,28627.0,21589.0,26270.0,47859.0,81172.0,500794.0,585444.0
"Panama City, FL",906.0,1885.0,163.0,72.0,235.0,7423.0,5319.0,12742.0,20500.0,9378.0,29878.0,44740.0,153780.0,199426.0
"Parkersburg-Vienna, WV",49.0,1017.0,415.0,136.0,551.0,847.0,498.0,1345.0,2013.0,3217.0,5230.0,8143.0,81457.0,89649.0
"Pensacola-Ferry Pass-Brent, FL",3053.0,3029.0,1351.0,1176.0,2527.0,17427.0,14442.0,31869.0,31132.0,14357.0,45489.0,82914.0,395497.0,481464.0
"Peoria, IL",565.0,553.0,905.0,1415.0,2320.0,3304.0,3384.0,6688.0,17412.0,16396.0,33808.0,43369.0,325563.0,369497.0
"Philadelphia-Camden-Wilmington, PA-NJ-DE-MD",35210.0,2562.0,2855.0,2552.0,5407.0,86066.0,61528.0,147594.0,335683.0,201223.0,536906.0,692469.0,5304402.0,6032081.0
"Marion, OH Micro Area",,,,,,,,,,,,,,
"Marquette, MI Micro Area",,,,,,,,,,,,,,
"Marshall, TX Micro Area",,,,,,,,,,,,,,
"Martinsville, VA Micro Area",,,,,,,,,,,,,,
"Mayagüez, PR",,,,,,,,,,,,,,
"McAllen-Edinburg-Mission, TX",3442.0,1064.0,877.0,1030.0,1907.0,7580.0,10947.0,18527.0,33817.0,27139.0,60956.0,82454.0,761682.0,847578.0
"Meadville, PA Micro Area",,,,,,,,,,,,,,
"Medford, OR",566.0,1129.0,1240.0,846.0,2086.0,3547.0,4148.0,7695.0,16987.0,12431.0,29418.0,40328.0,173943.0,214837.0
"Memphis, TN-MS-AR",3398.0,8208.0,2602.0,4033.0,6635.0,18486.0,14779.0,33265.0,55383.0,91396.0,146779.0,194887.0,1132242.0,1330527.0
"Merced, CA",1370.0,1738.0,237.0,204.0,441.0,7746.0,8664.0,16410.0,13761.0,8309.0,22070.0,40659.0,227444.0,269473.0
"Meridian, MS Micro Area",,,,,,,,,,,,,,
"Bremerton-Silverdale, WA",687.0,240.0,1211.0,950.0,2161.0,11690.0,11801.0,23491.0,13995.0,8181.0,22176.0,48068.0,215435.0,264190.0
"Bridgeport-Stamford-Norwalk, CT",8926.0,130.0,937.0,28.0,965.0,18990.0,14575.0,33565.0,18965.0,43598.0,62563.0,97223.0,835104.0,941253.0
"Canton-Massillon, OH",1020.0,190.0,3137.0,832.0,3969.0,7709.0,3557.0,11266.0,23091.0,20153.0,43244.0,58669.0,335796.0,395485.0
"Cape Coral-Fort Myers, FL",4405.0,1290.0,2080.0,1563.0,3643.0,22473.0,11267.0,33740.0,36576.0,25860.0,62436.0,101109.0,627323.0,732837.0
"Brownsville-Harlingen, TX",1788.0,181.0,0.0,110.0,110.0,3211.0,3412.0,6623.0,5143.0,15777.0,20920.0,27834.0,388926.0,418548.0
"Brunswick, GA",299.0,769.0,1194.0,916.0,2110.0,3801.0,1058.0,4859.0,5360.0,1575.0,6935.0,14673.0,97749.0,112721.0
"Buffalo-Cheektowaga-Niagara Falls, NY",5208.0,1609.0,2252.0,740.0,2992.0,12353.0,12122.0,24475.0,54645.0,54835.0,109480.0,138556.0,980568.0,1124332.0
"Burlington, NC",1662.0,863.0,155.0,44.0,199.0,5295.0,2043.0,7338.0,5771.0,5667.0,11438.0,19838.0,139262.0,160762.0
"Burlington-South Burlington, VT",2263.0,1992.0,3263.0,288.0,3551.0,4728.0,3514.0,8242.0,14733.0,8798.0,23531.0,37316.0,176862.0,216441.0
"California-Lexington Park, MD",1517.0,60.0,0.0,126.0,126.0,5178.0,2759.0,7937.0,2030.0,2238.0,4268.0,12391.0,97772.0,111680.0
"Cape Girardeau, MO-IL",562.0,2056.0,803.0,717.0,1520.0,947.0,1365.0,2312.0,4594.0,4672.0,9266.0,15154.0,81694.0,97410.0
"Carbondale-Marion, IL",1257.0,1856.0,382.0,701.0,1083.0,4979.0,2566.0,7545.0,7314.0,5004.0,12318.0,22802.0,100461.0,124520.0
"Carson City, NV",210.0,109.0,479.0,172.0,651.0,2052.0,2223.0,4275.0,0.0,4290.0,4290.0,9325.0,44911.0,54446.0
"Casper, WY",84.0,291.0,297.0,745.0,1042.0,725.0,164.0,889.0,2023.0,5180.0,7203.0,9425.0,69313.0,78822.0
"Cedar Rapids, IA",710.0,2335.0,450.0,585.0,1035.0,5863.0,4441.0,10304.0,8401.0,12860.0,21261.0,34935.0,231774.0,267419.0
"Miami-Fort Lauderdale-West Palm Beach, FL",113214.0,4610.0,4276.0,1087.0,5363.0,67019.0,63567.0,130586.0,383831.0,193315.0,577146.0,717705.0,5262649.0,6093568.0
"Michigan City-La Porte, IN",96.0,1320.0,342.0,350.0,692.0,3119.0,2123.0,5242.0,2199.0,6309.0,8508.0,15762.0,93324.0,109182.0
"Midland, MI",1427.0,301.0,370.0,315.0,685.0,1930.0,1088.0,3018.0,2289.0,6212.0,8501.0,12505.0,68812.0,82744.0
"Midland, TX",585.0,428.0,383.0,202.0,585.0,3560.0,6293.0,9853.0,1189.0,13891.0,15080.0,25946.0,140452.0,166983.0
"Milwaukee-Waukesha-West Allis, WI",6812.0,2644.0,3571.0,2774.0,6345.0,17927.0,19383.0,37310.0,67432.0,108567.0,175999.0,222298.0,1328362.0,1557472.0
"Minneapolis-St. Paul-Bloomington, MN-WI",15330.0,11613.0,6026.0,8301.0,14327.0,33498.0,42086.0,75584.0,239492.0,163760.0,403252.0,504776.0,3037474.0,3557580.0
"Minot, ND Micro Area",,,,,,,,,,,,,,
"Missoula, MT",196.0,2368.0,1661.0,1053.0,2714.0,1139.0,2140.0,3279.0,2673.0,11341.0,14014.0,22375.0,94071.0,116642.0
"Mobile, AL",414.0,545.0,921.0,511.0,1432.0,4097.0,3941.0,8038.0,16422.0,17605.0,34027.0,44042.0,363780.0,408236.0
"Modesto, CA",3883.0,366.0,404.0,456.0,860.0,14035.0,7194.0,21229.0,25050.0,23816.0,48866.0,71321.0,466295.0,541499.0
"Monroe, LA",765.0,1559.0,540.0,36.0,576.0,918.0,1005.0,1923.0,9618.0,8184.0,17802.0,21860.0,154073.0,176698.0
"Monroe, MI",585.0,326.0,190.0,223.0,413.0,4484.0,2037.0,6521.0,6202.0,2130.0,8332.0,15592.0,132517.0,148694.0
"Montgomery, AL",2237.0,888.0,3002.0,2840.0,5842.0,8079.0,5546.0,13625.0,14547.0,32039.0,46586.0,66941.0,301179.0,370357.0
"Morehead City, NC Micro Area",,,,,,,,,,,,,,
"Morgantown, WV",698.0,875.0,987.0,1176.0,2163.0,4574.0,3211.0,7785.0,8027.0,8802.0,16829.0,27652.0,109451.0,137801.0
"Morristown, TN",511.0,671.0,861.0,893.0,1754.0,2232.0,850.0,3082.0,5269.0,2497.0,7766.0,13273.0,103492.0,117276.0
"Moses Lake, WA Micro Area",,,,,,,,,,,,,,
"Mount Airy, NC Micro Area",,,,,,,,,,,,,,
"Mount Pleasant, MI Micro Area",,,,,,,,,,,,,,
"Mount Vernon-Anacortes, WA",359.0,183.0,390.0,103.0,493.0,2887.0,2063.0,4950.0,5307.0,5798.0,11105.0,16731.0,107298.0,124388.0
"Muncie, IN",352.0,776.0,922.0,299.0,1221.0,3839.0,2580.0,6419.0,3848.0,9077.0,12925.0,21341.0,92546.0,114239.0
"Centralia, WA Micro Area",,,,,,,,,,,,,,
"Chambersburg-Waynesboro, PA",307.0,80.0,12.0,128.0,140.0,4386.0,2329.0,6715.0,7820.0,5365.0,13185.0,20120.0,131807.0,152234.0
"Champaign-Urbana, IL",3420.0,395.0,849.0,1546.0,2395.0,10632.0,7471.0,18103.0,6321.0,14811.0,21132.0,42025.0,193487.0,238932.0
"Charleston, WV",117.0,676.0,257.0,15.0,272.0,3351.0,1902.0,5253.0,13130.0,4087.0,17217.0,23418.0,189728.0,213263.0
"Charleston-North Charleston, SC",3258.0,1841.0,2921.0,421.0,3342.0,18821.0,15882.0,34703.0,43832.0,31097.0,74929.0,114815.0,647568.0,765641.0
"Charlotte-Concord-Gastonia, NC-SC",15533.0,3915.0,4824.0,3143.0,7967.0,48431.0,41154.0,89585.0,124368.0,144125.0,268493.0,369960.0,2112086.0,2497579.0
"Charlottesville, VA",2344.0,860.0,35.0,185.0,220.0,8912.0,6505.0,15417.0,12146.0,8955.0,21101.0,37598.0,190026.0,229968.0
"Chattanooga, TN-GA",1341.0,1426.0,2578.0,485.0,3063.0,10236.0,4878.0,15114.0,23886.0,14444.0,38330.0,57933.0,490038.0,549312.0
"Cheyenne, WY",664.0,527.0,478.0,534.0,1012.0,2263.0,2731.0,4994.0,2968.0,8785.0,11753.0,18286.0,78386.0,97336.0
"Chicago-Naperville-Elgin, IL-IN-WI",59726.0,5428.0,7559.0,5980.0,13539.0,66613.0,80811.0,147424.0,526613.0,425511.0,952124.0,1118515.0,8247908.0,9426149.0
"Chico, CA",219.0,353.0,802.0,12.0,814.0,7058.0,7563.0,14621.0,10641.0,11087.0,21728.0,37516.0,189921.0,227656.0
"Chillicothe, OH Micro Area",,,,,,,,,,,,,,
"Cincinnati, OH-KY-IN",9885.0,5204.0,2808.0,2384.0,5192.0,32936.0,23301.0,56237.0,185822.0,63453.0,249275.0,315908.0,1828357.0,2154150.0
"Claremont-Lebanon, NH-VT Micro Area",,,,,,,,,,,,,,
"Clarksburg, WV Micro Area",,,,,,,,,,,,,,
"Clarksville, TN-KY",3932.0,2265.0,2250.0,1153.0,3403.0,11786.0,11420.0,23206.0,15890.0,22270.0,38160.0,67034.0,208917.0,279883.0
"Clearlake, CA Micro Area",,,,,,,,,,,,,,
"Cleveland, TN",880.0,955.0,1197.0,268.0,1465.0,3561.0,1948.0,5509.0,4217.0,6313.0,10530.0,18459.0,103333.0,122672.0
"Cleveland-Elyria, OH",8365.0,1404.0,4888.0,1714.0,6602.0,25534.0,21150.0,46684.0,145055.0,75838.0,220893.0,275583.0,1752953.0,2036901.0
"Coeur d'Alene, ID",45.0,219.0,148.0,234.0,382.0,5002.0,2395.0,7397.0,10679.0,5158.0,15837.0,23835.0,132174.0,156054.0
"College Station-Bryan, TX",2689.0,2000.0,596.0,2518.0,3114.0,12156.0,10595.0,22751.0,4157.0,31133.0,35290.0,63155.0,190105.0,255949.0
"Colorado Springs, CO",5835.0,1752.0,651.0,5270.0,5921.0,34261.0,25180.0,59441.0,17131.0,68505.0,85636.0,152750.0,555431.0,714016.0
"Columbia, MO",1064.0,1602.0,698.0,731.0,1429.0,7640.0,4279.0,11919.0,4849.0,18956.0,23805.0,38755.0,136564.0,176383.0
"Columbia, SC",4468.0,3555.0,4246.0,1790.0,6036.0,24735.0,15801.0,40536.0,63879.0,18901.0,82780.0,132907.0,678462.0,815837.0
"Columbus, GA-AL",1892.0,1073.0,1373.0,2271.0,3644.0,15523.0,9815.0,25338.0,7087.0,26533.0,33620.0,63675.0,237092.0,302659.0
"Muskegon, MI",135.0,664.0,449.0,739.0,1188.0,4450.0,1645.0,6095.0,11678.0,7149.0,18827.0,26774.0,145151.0,172060.0
"Muskogee, OK Micro Area",,,,,,,,,,,,,,
"Myrtle Beach-Conway-North Myrtle Beach, SC-NC",894.0,1588.0,3991.0,299.0,4290.0,16327.0,6512.0,22839.0,27819.0,8550.0,36369.0,65086.0,393473.0,459453.0
"Nacogdoches, TX Micro Area",,,,,,,,,,,,,,
"Napa, CA",982.0,0.0,216.0,177.0,393.0,2364.0,2468.0,4832.0,2098.0,6319.0,8417.0,13642.0,125416.0,140040.0
"Naples-Immokalee-Marco Island, FL",5604.0,576.0,659.0,562.0,1221.0,13338.0,8404.0,21742.0,20052.0,12762.0,32814.0,56353.0,308122.0,370079.0
"Nashville-Davidson--Murfreesboro--Franklin, TN",7897.0,6634.0,3626.0,3488.0,7114.0,42446.0,31062.0,73508.0,85107.0,117698.0,202805.0,290061.0,1581572.0,1879530.0
"New Castle, PA Micro Area",,,,,,,,,,,,,,
"New Haven-Milford, CT",6544.0,469.0,1106.0,1283.0,2389.0,17527.0,17672.0,35199.0,44635.0,21029.0,65664.0,103721.0,742855.0,853120.0
"New Orleans-Metairie, LA",4496.0,794.0,1222.0,1379.0,2601.0,12423.0,15602.0,28025.0,55574.0,53475.0,109049.0,140469.0,1119002.0,1263967.0
"New Philadelphia-Dover, OH Micro Area",,,,,,,,,,,,,,
"New York-Newark-Jersey City, NY-NJ-PA",178648.0,5239.0,5697.0,4227.0,9924.0,111073.0,124609.0,235682.0,723951.0,755087.0,1479038.0,1729883.0,18193371.0,20101902.0
"Niles-Benton Harbor, MI",657.0,202.0,591.0,97.0,688.0,3169.0,3638.0,6807.0,12161.0,3015.0,15176.0,22873.0,129286.0,152816.0
"North Port-Sarasota-Bradenton, FL",5677.0,1293.0,1637.0,759.0,2396.0,30219.0,11157.0,41376.0,37104.0,29583.0,66687.0,111752.0,680963.0,798392.0
"North Wilkesboro, NC Micro Area",,,,,,,,,,,,,,
"Norwich-New London, CT",1016.0,379.0,65.0,65.0,130.0,7429.0,4064.0,11493.0,11769.0,7451.0,19220.0,31222.0,234281.0,266519.0
"Winston-Salem, NC",2349.0,193.0,2630.0,1434.0,4064.0,12539.0,10815.0,23354.0,27801.0,22444.0,50245.0,77856.0,580978.0,661183.0
"Columbus, IN",261.0,101.0,600.0,431.0,1031.0,1868.0,1709.0,3577.0,1646.0,6585.0,8231.0,12940.0,67762.0,80963.0
"Columbus, OH",13023.0,2319.0,8331.0,6931.0,15262.0,34349.0,24487.0,58836.0,109856.0,143630.0,253486.0,329903.0,1707478.0,2050404.0
"Concord, NH Micro Area",,,,,,,,,,,,,,
"Cookeville, TN Micro Area",,,,,,,,,,,,,,
"Coos Bay, OR Micro Area",,,,,,,,,,,,,,
"Corning, NY Micro Area",,,,,,,,,,,,,,
"Corpus Christi, TX",1222.0,400.0,410.0,704.0,1114.0,7932.0,9096.0,17028.0,11355.0,34176.0,45531.0,64073.0,378102.0,443397.0
"Corvallis, OR",986.0,86.0,571.0,759.0,1330.0,5134.0,4173.0,9307.0,1142.0,8186.0,9328.0,20051.0,69451.0,90488.0
"Crestview-Fort Walton Beach-Destin, FL",1441.0,1905.0,897.0,580.0,1477.0,13267.0,8686.0,21953.0,20767.0,7689.0,28456.0,53791.0,212827.0,268059.0
"Cullman, AL Micro Area",,,,,,,,,,,,,,
"Cumberland, MD-WV",0.0,147.0,177.0,102.0,279.0,2102.0,1460.0,3562.0,5370.0,3822.0,9192.0,13180.0,84364.0,97544.0
"Dallas-Fort Worth-Arlington, TX",62907.0,9375.0,9082.0,18615.0,27697.0,84256.0,112494.0,196750.0,413224.0,445134.0,858358.0,1092180.0,6145341.0,7300428.0
"Dalton, GA",0.0,631.0,143.0,72.0,215.0,1328.0,318.0,1646.0,5440.0,1289.0,6729.0,9221.0,133437.0,142658.0
"Danville, IL",42.0,342.0,30.0,0.0,30.0,1010.0,821.0,1831.0,3384.0,3759.0,7143.0,9346.0,67528.0,76916.0
"Danville, VA Micro Area",,,,,,,,,,,,,,
"Daphne-Fairhope-Foley, AL",684.0,278.0,235.0,602.0,837.0,7353.0,2099.0,9452.0,7820.0,5307.0,13127.0,23694.0,186517.0,210895.0
"Davenport-Moline-Rock Island, IA-IL",1316.0,1177.0,1652.0,859.0,2511.0,3713.0,5035.0,8748.0,14676.0,22045.0,36721.0,49157.0,327267.0,377740.0
"Dayton, OH",4524.0,1473.0,1860.0,1727.0,3587.0,26269.0,11564.0,37833.0,68528.0,28188.0,96716.0,139609.0,650067.0,794200.0
"Decatur, AL",223.0,466.0,506.0,0.0,506.0,3950.0,3225.0,7175.0,6955.0,2480.0,9435.0,17582.0,132083.0,149888.0
"Decatur, IL",132.0,611.0,280.0,126.0,406.0,1516.0,1022.0,2538.0,3374.0,10196.0,13570.0,17125.0,87939.0,105196.0
"Deltona-Daytona Beach-Ormond Beach, FL",4350.0,1460.0,1940.0,496.0,2436.0,24162.0,16214.0,40376.0,25275.0,15140.0,40415.0,84687.0,553451.0,642488.0
"Denver-Aurora-Lakewood, CO",19152.0,3715.0,5134.0,7443.0,12577.0,62889.0,59309.0,122198.0,151870.0,188026.0,339896.0,478386.0,2357753.0,2855291.0
"Des Moines-West Des Moines, IA",1979.0,3687.0,2938.0,1804.0,4742.0,11160.0,11999.0,23159.0,30961.0,37811.0,68772.0,100360.0,534781.0,637120.0
"Detroit-Warren-Dearborn, MI",27089.0,4526.0,2669.0,3771.0,6440.0,41484.0,38489.0,79973.0,267897.0,161069.0,428966.0,519905.0,3716138.0,4263132.0
"Dothan, AL",212.0,608.0,620.0,449.0,1069.0,2113.0,1196.0,3309.0,4669.0,5849.0,10518.0,15504.0,130411.0,146127.0
"Dover, DE",317.0,75.0,436.0,0.0,436.0,8038.0,2894.0,10932.0,9100.0,3979.0,13079.0,24522.0,149658.0,174497.0
"DuBois, PA Micro Area",,,,,,,,,,,,,,
"Dubuque, IA",83.0,1219.0,385.0,182.0,567.0,1900.0,2642.0,4542.0,1242.0,5714.0,6956.0,13284.0,82403.0,95770.0
"Duluth, MN-WI",723.0,2983.0,735.0,690.0,1425.0,7049.0,4290.0,11339.0,16076.0,12817.0,28893.0,44640.0,230967.0,276330.0
"Dunn, NC Micro Area",,,,,,,,,,,,,,
"Durham-Chapel Hill, NC",7291.0,986.0,3065.0,1755.0,4820.0,19749.0,18993.0,38742.0,14132.0,41836.0,55968.0,100516.0,452600.0,560407.0
"East Stroudsburg, PA",556.0,171.0,185.0,157.0,342.0,6522.0,1927.0,8449.0,6263.0,677.0,6940.0,15902.0,149938.0,166396.0
"Eau Claire, WI",302.0,1353.0,1010.0,1209.0,2219.0,3964.0,3979.0,7943.0,7687.0,9643.0,17330.0,28845.0,136358.0,165505.0
"El Centro, CA",2092.0,18.0,52.0,0.0,52.0,2908.0,2050.0,4958.0,9968.0,5199.0,15167.0,20195.0,158215.0,180502.0
"Elizabeth City, NC Micro Area",,,,,,,,,,,,,,
"Elizabethtown-Fort Knox, KY",743.0,1386.0,2296.0,1493.0,3789.0,3592.0,6746.0,10338.0,7794.0,4325.0,12119.0,27632.0,119563.0,147938.0
"Elkhart-Goshen, IN",744.0,208.0,1153.0,154.0,1307.0,4062.0,3893.0,7955.0,4132.0,9280.0,13412.0,22882.0,178163.0,201789.0
"Elmira, NY",87.0,152.0,460.0,184.0,644.0,1699.0,703.0,2402.0,3327.0,4150.0,7477.0,10675.0,74348.0,85110.0
"El Paso, TX",6813.0,2069.0,832.0,1038.0,1870.0,14952.0,14719.0,29671.0,11218.0,73681.0,84899.0,118509.0,703050.0,828372.0
"Enid, OK",657.0,910.0,107.0,200.0,307.0,983.0,2058.0,3041.0,754.0,2892.0,3646.0,7904.0,51752.0,60313.0
"Hattiesburg, MS",583.0,1761.0,1508.0,516.0,2024.0,4908.0,1902.0,6810.0,7997.0,9693.0,17690.0,28285.0,115537.0,144405.0
"Helena, MT Micro Area",,,,,,,,,,,,,,
"Hermiston-Pendleton, OR Micro Area",,,,,,,,,,,,,,
"Hickory-Lenoir-Morganton, NC",1212.0,400.0,747.0,889.0,1636.0,7191.0,5898.0,13089.0,19184.0,6943.0,26127.0,41252.0,320859.0,363323.0
"Hilo, HI Micro Area",,,,,,,,,,,,,,
"Hilton Head Island-Bluffton-Beaufort, SC",1261.0,1894.0,2276.0,380.0,2656.0,10901.0,6638.0,17539.0,13402.0,3748.0,17150.0,39239.0,172448.0,212948.0
"Hinesville, GA",949.0,466.0,2834.0,624.0,3458.0,5829.0,4941.0,10770.0,7311.0,4198.0,11509.0,26203.0,52091.0,79243.0
"Guayama, PR",,,,,,,,,,,,,,
"Gulfport-Biloxi-Pascagoula, MS",504.0,2808.0,1112.0,2193.0,3305.0,8663.0,10216.0,18879.0,24712.0,16334.0,41046.0,66038.0,322542.0,389084.0
"Hagerstown-Martinsburg, MD-WV",1155.0,535.0,135.0,818.0,953.0,7946.0,5821.0,13767.0,12296.0,11984.0,24280.0,39535.0,221392.0,262082.0
"Hammond, LA",483.0,0.0,179.0,146.0,325.0,6694.0,3598.0,10292.0,5646.0,4453.0,10099.0,20716.0,109002.0,130201.0
"Hanford-Corcoran, CA",400.0,131.0,192.0,218.0,410.0,7376.0,5682.0,13058.0,6460.0,6945.0,13405.0,27004.0,120789.0,148193.0
"Owosso, MI Micro Area",,,,,,,,,,,,,,
"Phoenix-Mesa-Scottsdale, AZ",29980.0,5856.0,6881.0,7955.0,14836.0,88676.0,87583.0,176259.0,257845.0,321203.0,579048.0,775999.0,3874702.0,4680681.0
"Pine Bluff, AR",79.0,2056.0,80.0,743.0,823.0,1765.0,1602.0,3367.0,2398.0,3342.0,5740.0,11986.0,77231.0,89296.0
"Pinehurst-Southern Pines, NC Micro Area",,,,,,,,,,,,,,
"Pittsburgh, PA",10216.0,2492.0,3081.0,2490.0,5571.0,32866.0,18176.0,51042.0,172385.0,48221.0,220606.0,279711.0,2018991.0,2308918.0
"Pittsfield, MA",395.0,71.0,504.0,121.0,625.0,4356.0,1007.0,5363.0,7131.0,3617.0,10748.0,16807.0,107774.0,124976.0
"Plattsburgh, NY Micro Area",,,,,,,,,,,,,,
"Pocatello, ID",221.0,1093.0,866.0,826.0,1692.0,1808.0,1627.0,3435.0,2582.0,6878.0,9460.0,15680.0,67462.0,83363.0
"Ponce, PR",,,,,,,,,,,,,,
"Port Angeles, WA Micro Area",,,,,,,,,,,,,,
"Portland-South Portland, ME",1636.0,2889.0,1467.0,470.0,1937.0,10449.0,5596.0,16045.0,35849.0,11828.0,47677.0,68548.0,456837.0,527021.0
"Portland-Vancouver-Hillsboro, OR-WA",18416.0,1931.0,4571.0,5989.0,10560.0,43240.0,53244.0,96484.0,134868.0,148557.0,283425.0,392400.0,2015620.0,2426436.0
"Port St. Lucie, FL",2746.0,262.0,634.0,801.0,1435.0,22550.0,9560.0,32110.0,21860.0,11812.0,33672.0,67479.0,399674.0,469899.0
"Harrisburg-Carlisle, PA",3558.0,1118.0,1292.0,591.0,1883.0,20134.0,11105.0,31239.0,40535.0,13035.0,53570.0,87810.0,473769.0,565137.0
"Harrisonburg, VA",1198.0,1374.0,90.0,270.0,360.0,5501.0,2152.0,7653.0,9329.0,5857.0,15186.0,24573.0,107310.0,133081.0
"Hartford-West Hartford-East Hartford, CT",7748.0,118.0,1223.0,708.0,1931.0,21849.0,16317.0,38166.0,59065.0,33499.0,92564.0,132779.0,1058437.0,1198964.0
"Hobbs, NM Micro Area",,,,,,,,,,,,,,
"Holland, MI Micro Area",,,,,,,,,,,,,,
"Homosassa Springs, FL",244.0,577.0,882.0,70.0,952.0,8370.0,3122.0,11492.0,9093.0,712.0,9805.0,22826.0,122222.0,145292.0
"Hot Springs, AR",0.0,1299.0,194.0,211.0,405.0,2866.0,1271.0,4137.0,3654.0,1966.0,5620.0,11461.0,86613.0,98074.0
"Houma-Thibodaux, LA",135.0,305.0,324.0,183.0,507.0,3838.0,1376.0,5214.0,13049.0,5364.0,18413.0,24439.0,183866.0,208440.0
"Houston-The Woodlands-Sugar Land, TX",67903.0,7053.0,6736.0,11106.0,17842.0,61602.0,96234.0,157836.0,386871.0,443742.0,830613.0,1013344.0,5714128.0,6795375.0
"Huntington-Ashland, WV-KY-OH",452.0,2061.0,1108.0,1542.0,2650.0,3719.0,1369.0,5088.0,18303.0,10029.0,28332.0,38131.0,315446.0,354029.0
"Huntsville, AL",2672.0,1314.0,552.0,748.0,1300.0,11656.0,7271.0,18927.0,23399.0,28109.0,51508.0,73049.0,375023.0,450744.0
"Huntsville, TX Micro Area",,,,,,,,,,,,,,
"Hutchinson, KS Micro Area",,,,,,,,,,,,,,
"Idaho Falls, ID",153.0,942.0,176.0,1116.0,1292.0,5494.0,2827.0,8321.0,9257.0,9054.0,18311.0,28866.0,114083.0,143102.0
"Indiana, PA Micro Area",,,,,,,,,,,,,,
"Indianapolis-Carmel-Anderson, IN",8849.0,4040.0,3996.0,1850.0,5846.0,26658.0,28558.0,55216.0,89813.0,120885.0,210698.0,275800.0,1720444.0,2005093.0
"Iowa City, IA",2281.0,1579.0,1123.0,1017.0,2140.0,4605.0,5357.0,9962.0,6487.0,14223.0,20710.0,34391.0,132554.0,169226.0
"Jamestown-Dunkirk-Fredonia, NY Micro Area",,,,,,,,,,,,,,
"Janesville-Beloit, WI",191.0,169.0,1015.0,445.0,1460.0,3583.0,2423.0,6006.0,3901.0,11664.0,15565.0,23200.0,137952.0,161343.0
"Jefferson, GA Micro Area",,,,,,,,,,,,,,
"Jefferson City, MO",38.0,1991.0,309.0,254.0,563.0,2273.0,2456.0,4729.0,5813.0,4074.0,9887.0,17170.0,129129.0,146337.0
"Johnson City, TN",1209.0,906.0,485.0,300.0,785.0,3500.0,3552.0,7052.0,11360.0,6659.0,18019.0,26762.0,174173.0,202144.0
"Johnstown, PA",197.0,485.0,844.0,473.0,1317.0,2652.0,1879.0,4531.0,8191.0,3696.0,11887.0,18220.0,113556.0,131973.0
"Jonesboro, AR",1511.0,1729.0,1897.0,1091.0,2988.0,2488.0,832.0,3320.0,5937.0,13077.0,19014.0,27051.0,100621.0,129183.0
"Joplin, MO",827.0,605.0,542.0,1561.0,2103.0,2900.0,1815.0,4715.0,9328.0,3452.0,12780.0,20203.0,155763.0,176793.0
"Kahului-Wailuku-Lahaina, HI",1194.0,93.0,833.0,147.0,980.0,3737.0,1662.0,5399.0,5783.0,4049.0,9832.0,16304.0,147312.0,164810.0
"Ithaca, NY",2990.0,211.0,510.0,0.0,510.0,6413.0,4732.0,11145.0,5763.0,5361.0,11124.0,22990.0,78255.0,104235.0
"Jackson, MI",335.0,142.0,1044.0,539.0,1583.0,3410.0,3302.0,6712.0,7854.0,5767.0,13621.0,22058.0,134141.0,156534.0
"Jackson, MS",1452.0,5798.0,2301.0,4822.0,7123.0,7668.0,10209.0,17877.0,32453.0,26583.0,59036.0,89834.0,482736.0,574022.0
"Jackson, TN",360.0,3049.0,172.0,192.0,364.0,1412.0,695.0,2107.0,3275.0,5803.0,9078.0,14598.0,113013.0,127971.0
"Jacksonville, FL",10623.0,4951.0,2903.0,1994.0,4897.0,38180.0,30860.0,69040.0,47221.0,140620.0,187841.0,266729.0,1208038.0,1485390.0
"Jacksonville, NC",1494.0,2916.0,2068.0,541.0,2609.0,20074.0,7221.0,27295.0,10119.0,8191.0,18310.0,51130.0,137410.0,190034.0
"Portsmouth, OH Micro Area",,,,,,,,,,,,,,
"Pottsville, PA Micro Area",,,,,,,,,,,,,,
"Prescott, AZ",1034.0,348.0,295.0,33.0,328.0,12298.0,7603.0,19901.0,8629.0,2409.0,11038.0,31615.0,194518.0,227167.0
"Providence-Warwick, RI-MA",8583.0,694.0,938.0,537.0,1475.0,35338.0,17617.0,52955.0,101818.0,25093.0,126911.0,182035.0,1414331.0,1604949.0
"Provo-Orem, UT",6774.0,1958.0,1837.0,2160.0,3997.0,26093.0,11146.0,37239.0,31027.0,39361.0,70388.0,113582.0,486923.0,607279.0
"Pueblo, CO",223.0,656.0,807.0,259.0,1066.0,2895.0,3907.0,6802.0,3352.0,11721.0,15073.0,23597.0,140868.0,164688.0
"Punta Gorda, FL",711.0,826.0,286.0,51.0,337.0,10875.0,5189.0,16064.0,9062.0,2080.0,11142.0,28369.0,151531.0,180611.0
"Quincy, IL-MO Micro Area",,,,,,,,,,,,,,
"Racine, WI",173.0,180.0,465.0,91.0,556.0,3671.0,2804.0,6475.0,5486.0,14134.0,19620.0,26831.0,166150.0,193154.0
"Raleigh, NC",9552.0,2659.0,5488.0,2758.0,8246.0,32303.0,30068.0,62371.0,63287.0,65825.0,129112.0,202388.0,1107959.0,1319899.0
"Rapid City, SD",3703.0,888.0,801.0,1462.0,2263.0,2258.0,1775.0,4033.0,6239.0,8247.0,14486.0,21670.0,119817.0,145190.0
"Reading, PA",1458.0,262.0,528.0,19.0,547.0,12211.0,5290.0,17501.0,24394.0,16340.0,40734.0,59044.0,352705.0,413207.0
"Redding, CA",594.0,444.0,632.0,276.0,908.0,1831.0,2130.0,3961.0,6911.0,8929.0,15840.0,21153.0,155816.0,177563.0
"Reno, NV",2417.0,447.0,2426.0,804.0,3230.0,8977.0,13263.0,22240.0,20644.0,33056.0,53700.0,79617.0,377291.0,459325.0
"Richmond, IN Micro Area",,,,,,,,,,,,,,
"Richmond, VA",8071.0,6040.0,2350.0,1156.0,3506.0,30336.0,20845.0,51181.0,107717.0,31931.0,139648.0,200375.0,1076906.0,1285352.0
"Richmond-Berea, KY Micro Area",,,,,,,,,,,,,,
"Riverside-San Bernardino-Ontario, CA",19088.0,3959.0,1814.0,2312.0,4126.0,100876.0,70424.0,171300.0,259827.0,134181.0,394008.0,573393.0,3932915.0,4525396.0
"Roanoke, VA",750.0,598.0,1381.0,470.0,1851.0,7617.0,3093.0,10710.0,14935.0,12948.0,27883.0,41042.0,268261.0,310053.0
"Roanoke Rapids, NC Micro Area",,,,,,,,,,,,,,
"Rochester, MN",2055.0,556.0,1241.0,996.0,2237.0,2628.0,3439.0,6067.0,5529.0,9367.0,14896.0,23756.0,190460.0,216271.0
"Rochester, NY",5602.0,1101.0,2690.0,1870.0,4560.0,22232.0,12920.0,35152.0,68498.0,43134.0,111632.0,152445.0,910218.0,1068265.0
"Rockford, IL",2551.0,72.0,900.0,968.0,1868.0,8271.0,4589.0,12860.0,9994.0,19169.0,29163.0,43963.0,288109.0,334623.0
"Rocky Mount, NC",552.0,131.0,1163.0,590.0,1753.0,3388.0,2972.0,6360.0,5141.0,5608.0,10749.0,18993.0,124854.0,144399.0
"Rome, GA",83.0,0.0,375.0,185.0,560.0,2260.0,1795.0,4055.0,3085.0,2853.0,5938.0,10553.0,85924.0,96560.0
"Roseburg, OR Micro Area",,,,,,,,,,,,,,
"Roswell, NM Micro Area",,,,,,,,,,,,,,
"Russellville, AR Micro Area",,,,,,,,,,,,,,
"Sacramento--Roseville--Arden-Arcade, CA",20269.0,3191.0,6017.0,2110.0,8127.0,42579.0,47708.0,90287.0,121494.0,106590.0,228084.0,329689.0,1945800.0,2295758.0
"Saginaw, MI",209.0,1022.0,504.0,506.0,1010.0,3693.0,3923.0,7616.0,6435.0,9773.0,16208.0,25856.0,164683.0,190748.0
"St. Cloud, MN",2440.0,2701.0,1338.0,821.0,2159.0,5677.0,2672.0,8349.0,9160.0,7890.0,17050.0,30259.0,162255.0,194954.0
"St. George, UT",638.0,1454.0,222.0,1187.0,1409.0,5916.0,3519.0,9435.0,3481.0,7915.0,11396.0,23694.0,139482.0,163814.0
"St. Joseph, MO-KS",403.0,1736.0,497.0,316.0,813.0,3398.0,1439.0,4837.0,2044.0,8736.0,10780.0,18166.0,106752.0,125321.0
"St. Louis, MO-IL",12518.0,7848.0,2944.0,3791.0,6735.0,26749.0,31545.0,58294.0,232009.0,53162.0,285171.0,358048.0,2404184.0,2774750.0
"Salem, OH Micro Area",,,,,,,,,,,,,,
"Salem, OR",2194.0,575.0,1008.0,1733.0,2741.0,10953.0,6859.0,17812.0,15728.0,15377.0,31105.0,52233.0,365528.0,419955.0
"Salinas, CA",5514.0,232.0,1214.0,575.0,1789.0,8424.0,12388.0,20812.0,14404.0,9067.0,23471.0,46304.0,380515.0,432333.0
"Salisbury, MD-DE",808.0,935.0,237.0,660.0,897.0,14465.0,2655.0,17120.0,25489.0,8874.0,34363.0,53315.0,348678.0,402801.0
"Salt Lake City, UT",10331.0,1440.0,1729.0,3294.0,5023.0,29187.0,25992.0,55179.0,94787.0,32212.0,126999.0,188641.0,987681.0,1186653.0
"San Angelo, TX",365.0,549.0,748.0,134.0,882.0,2749.0,4399.0,7148.0,1568.0,14101.0,15669.0,24248.0,93625.0,118238.0
"San Antonio-New Braunfels, TX",18340.0,4319.0,2778.0,4930.0,7708.0,48348.0,44585.0,92933.0,63451.0,178702.0,242153.0,347113.0,2076546.0,2441999.0
"San Diego-Carlsbad, CA",39336.0,1168.0,1957.0,5082.0,7039.0,75050.0,59573.0,134623.0,170003.0,192516.0,362519.0,505349.0,2752149.0,3296834.0
"Sandusky, OH Micro Area",,,,,,,,,,,,,,
"San Francisco-Oakland-Hayward, CA",59589.0,1956.0,2575.0,3747.0,6322.0,61688.0,101036.0,162724.0,192593.0,201858.0,394451.0,565453.0,4053863.0,4678905.0
"San Germán, PR",,,,,,,,,,,,,,
"San Jose-Sunnyvale-Santa Clara, CA",36272.0,343.0,681.0,991.0,1672.0,39126.0,43661.0,82787.0,32287.0,154425.0,186712.0,271514.0,1669462.0,1977248.0
"San Juan-Carolina-Caguas, PR",,,,,,,,,,,,,,
"San Luis Obispo-Paso Robles-Arroyo Grande, CA",339.0,15.0,192.0,516.0,708.0,7543.0,11839.0,19382.0,12536.0,11373.0,23909.0,44014.0,236839.0,281192.0
"Santa Cruz-Watsonville, CA",1884.0,142.0,335.0,337.0,672.0,7856.0,6944.0,14800.0,10637.0,8904.0,19541.0,35155.0,235954.0,272993.0
"Santa Fe, NM",376.0,206.0,466.0,460.0,926.0,2802.0,2267.0,5069.0,1850.0,4557.0,6407.0,12608.0,134552.0,147536.0
"Santa Maria-Santa Barbara, CA",2590.0,20.0,75.0,307.0,382.0,13754.0,14069.0,27823.0,32892.0,25966.0,58858.0,87083.0,353418.0,443091.0
"Santa Rosa, CA",2513.0,130.0,473.0,1981.0,2454.0,10542.0,10198.0,20740.0,27645.0,14277.0,41922.0,65246.0,433046.0,500805.0
"Savannah, GA",3989.0,3237.0,1884.0,359.0,2243.0,12065.0,11983.0,24048.0,24148.0,23108.0,47256.0,76784.0,300360.0,381133.0
"Scranton--Wilkes-Barre--Hazleton, PA",1984.0,1559.0,381.0,537.0,918.0,9814.0,9260.0,19074.0,30867.0,15535.0,46402.0,67953.0,480957.0,550894.0
"Searcy, AR Micro Area",,,,,,,,,,,,,,
"Seattle-Tacoma-Bellevue, WA",47917.0,3806.0,5014.0,6266.0,11280.0,65347.0,84621.0,149968.0,235951.0,244487.0,480438.0,645492.0,3126056.0,3819465.0
"Sebastian-Vero Beach, FL",938.0,61.0,303.0,175.0,478.0,7147.0,2990.0,10137.0,5743.0,1953.0,7696.0,18372.0,134395.0,153705.0
"Sebring, FL",1278.0,124.0,525.0,68.0,593.0,2614.0,2412.0,5026.0,5201.0,2469.0,7670.0,13413.0,86898.0,101589.0
"Seneca, SC Micro Area",,,,,,,,,,,,,,
"Sevierville, TN Micro Area",,,,,,,,,,,,,,
"Show Low, AZ Micro Area",,,,,,,,,,,,,,
"Shreveport-Bossier City, LA",855.0,2794.0,1018.0,848.0,1866.0,5209.0,4770.0,9979.0,11221.0,26224.0,37445.0,52084.0,381419.0,434358.0
"Sierra Vista-Douglas, AZ",1122.0,432.0,862.0,645.0,1507.0,3594.0,4647.0,8241.0,2502.0,6535.0,9037.0,19217.0,102707.0,123046.0
"Sioux City, IA-NE-SD",169.0,1297.0,164.0,335.0,499.0,1609.0,2211.0,3820.0,4075.0,7366.0,11441.0,17057.0,150050.0,167276.0
"Sioux Falls, SD",1883.0,1703.0,791.0,2884.0,3675.0,4893.0,5868.0,10761.0,8532.0,18969.0,27501.0,43640.0,209771.0,255294.0
"Somerset, PA Micro Area",,,,,,,,,,,,,,
"South Bend-Mishawaka, IN-MI",896.0,907.0,782.0,741.0,1523.0,7035.0,6252.0,13287.0,11910.0,12570.0,24480.0,40197.0,276887.0,317980.0
"Spartanburg, SC",617.0,941.0,719.0,195.0,914.0,12341.0,3080.0,15421.0,20683.0,6040.0,26723.0,43999.0,285447.0,330063.0
"Shawnee, OK Micro Area",,,,,,,,,,,,,,
"Sheboygan, WI",504.0,272.0,356.0,366.0,722.0,2156.0,849.0,3005.0,5523.0,4931.0,10454.0,14453.0,99255.0,114212.0
"Shelby, NC Micro Area",,,,,,,,,,,,,,
"Sherman-Denison, TX",652.0,579.0,1170.0,321.0,1491.0,4838.0,1805.0,6643.0,4393.0,7094.0,11487.0,20200.0,108730.0,129582.0
"Sunbury, PA Micro Area",,,,,,,,,,,,,,
"Spokane-Spokane Valley, WA",2926.0,2621.0,2594.0,3287.0,5881.0,17428.0,10240.0,27668.0,29914.0,38103.0,68017.0,104187.0,451101.0,558214.0
"Springfield, IL",408.0,988.0,386.0,875.0,1261.0,3206.0,2664.0,5870.0,7672.0,17390.0,25062.0,33181.0,171637.0,205226.0
"Springfield, MA",4738.0,153.0,2373.0,499.0,2872.0,18848.0,7528.0,26376.0,44196.0,23898.0,68094.0,97495.0,524687.0,626920.0
"Springfield, MO",1148.0,5807.0,3397.0,1881.0,5278.0,10553.0,6299.0,16852.0,25211.0,32926.0,58137.0,86074.0,367927.0,455149.0
